ID,MODEL,MANUFACTURER_ID,DIM_WIDTH,DIM_HEIGHT,DIM_DEPTH,DIM_WEIGHT,WP,VMPP,IMPP,VOC,ISC,SOLAR_CELLS,CELL_TYPE,SURFACE_TYPE,COEF_PMAX,COEF_VOC,COEF_ISC,ACTIVE
1,CHSM72M-HC-405,6,2018.0,1002.0,35.0,22.6,405,41.59,9.74,49.53,10.31,MONOCRISTALINO,HALF CELL,MONOFACIAL,-0.35,-0.28,0.035,0
2,CHSM72M-HC-410,6,2018.0,1002.0,35.0,22.6,410,41.85,9.8,49.8,10.38,MONOCRISTALINO,HALF CELL,MONOFACIAL,-0.35,-0.28,0.035,0
3,CHSM72M-HC-415,6,2018.0,1002.0,35.0,22.6,415,42.11,9.86,50.06,10.45,MONOCRISTALINO,HALF CELL,MONOFACIAL,-0.35,-0.28,0.035,0
4,CHSM72M-HC-420,6,2018.0,1002.0,35.0,22.6,420,42.35,9.92,50.32,10.52,MONOCRISTALINO,HALF CELL,MONOFACIAL,-0.35,-0.28,0.035,0
5,BYD335PIK-36,7,2008.0,1002.0,35.0,21.8,335,38.1,8.79,45.44,9.25,POLICRISTALINO,HALF CELL,MONOFACIAL,-0.35,-0.285,0.057,0
6,BYD340PIK-36,7,2008.0,1002.0,35.0,21.8,340,38.36,8.86,45.69,9.31,POLICRISTALINO,HALF CELL,MONOFACIAL,-0.35,-0.285,0.057,0
7,BYD345PIK-36,7,2008.0,1002.0,35.0,21.8,345,38.62,8.93,45.94,9.36,POLICRISTALINO,HALF CELL,MONOFACIAL,-0.35,-0.285,0.057,0
8,BYD350PIK-36,7,2008.0,1002.0,35.0,21.8,350,38.87,9.0,46.19,9.42,POLICRISTALINO,HALF CELL,MONOFACIAL,-0.35,-0.285,0.057,0
9,TSM-390DE09,15,1754.0,1096.0,30.0,21.0,390,33.8,11.54,40.8,12.14,MONOCRISTALINO,HALF CELL,MONOFACIAL,-0.34,-0.25,0.04,0
10,TSM-395DE09,15,1754.0,1096.0,30.0,21.0,395,34.0,11.62,41.0,12.21,MONOCRISTALINO,HALF CELL,MONOFACIAL,-0.34,-0.25,0.04,0
11,TSM-400DE09,15,1754.0,1096.0,30.0,21.0,400,34.2,11.7,41.2,12.28,MONOCRISTALINO,HALF CELL,MONOFACIAL,-0.34,-0.25,0.04,0
12,TSM-405DE09,15,1754.0,1096.0,30.0,21.0,405,34.4,11.77,41.4,12.34,MONOCRISTALINO,HALF CELL,MONOFACIAL,-0.34,-0.25,0.04,0
13,TSM-485DE18,15,2187.0,1102.0,35.0,26.5,485,42.2,11.49,51.1,12.07,MONOCRISTALINO,HALF CELL,MONOFACIAL,-0.34,-0.25,0.04,0
14,TSM-490DE18,15,2187.0,1102.0,35.0,26.5,490,42.4,11.56,51.3,12.14,MONOCRISTALINO,HALF CELL,MONOFACIAL,-0.34,-0.25,0.04,0
15,TSM-495DE18,15,2187.0,1102.0,35.0,26.5,495,42.6,11.63,51.5,12.21,MONOCRISTALINO,HALF CELL,MONOFACIAL,-0.34,-0.25,0.04,0
16,TSM-500DE18,15,2187.0,1102.0,35.0,26.5,500,42.8,11.69,51.7,12.28,MONOCRISTALINO,HALF CELL,MONOFACIAL,-0.34,-0.25,0.04,0
17,TSM-505DE18,15,2187.0,1102.0,35.0,26.5,505,43.0,11.75,51.9,12.35,MONOCRISTALINO,HALF CELL,MONOFACIAL,-0.34,-0.25,0.04,0
18,TSM-510DE18,15,2187.0,1102.0,35.0,26.5,510,43.2,11.81,52.1,12.42,MONOCRISTALINO,HALF CELL,MONOFACIAL,-0.34,-0.25,0.04,0
19,TSM-525DEG19C.20,15,2384.0,1096.0,35.0,32.3,525,30.8,17.04,37.1,18.14,MONOCRISTALINO,HALF CELL,BIFACIAL,-0.34,-0.25,0.04,0
20,TSM-530DEG19C.20,15,2384.0,1096.0,35.0,32.3,530,31.0,17.11,37.3,18.19,MONOCRISTALINO,HALF CELL,BIFACIAL,-0.34,-0.25,0.04,0
21,TSM-535DEG19C.20,15,2384.0,1096.0,35.0,32.3,535,31.2,17.16,37.5,18.24,MONOCRISTALINO,HALF CELL,BIFACIAL,-0.34,-0.25,0.04,0
22,TSM-540DEG19C.20,15,2384.0,1096.0,35.0,32.3,540,31.4,17.21,37.7,18.3,MONOCRISTALINO,HALF CELL,BIFACIAL,-0.34,-0.25,0.04,0
23,TSM-545DEG19C.20,15,2384.0,1096.0,35.0,32.3,545,31.6,17.24,37.9,18.35,MONOCRISTALINO,HALF CELL,BIFACIAL,-0.34,-0.25,0.04,0
24,TSM-550DEG19C.20,15,2384.0,1096.0,35.0,32.3,550,31.8,17.29,38.1,18.39,MONOCRISTALINO,HALF CELL,BIFACIAL,-0.34,-0.25,0.04,0
25,RSM120-8-585BMGD,12,2172.0,1303.0,35.0,35.0,585,34.22,17.1,41.1,18.11,MONOCRISTALINO,HALF CELL,BIFACIAL,-0.34,-0.25,0.04,0
26,RSM120-8-590BMGD,12,2172.0,1303.0,35.0,35.0,590,34.42,17.15,41.3,18.16,MONOCRISTALINO,HALF CELL,BIFACIAL,-0.34,-0.25,0.04,0
27,RSM120-8-595BMGD,12,2172.0,1303.0,35.0,35.0,595,34.6,17.2,41.5,18.21,MONOCRISTALINO,HALF CELL,BIFACIAL,-0.34,-0.25,0.04,0
28,RSM120-8-600BMGD,12,2172.0,1303.0,35.0,35.0,600,34.8,17.25,41.7,18.26,MONOCRISTALINO,HALF CELL,BIFACIAL,-0.34,-0.25,0.04,0
29,RSM120-8-605BMGD,12,2172.0,1303.0,35.0,35.0,605,34.98,17.3,41.9,18.32,MONOCRISTALINO,HALF CELL,BIFACIAL,-0.34,-0.25,0.04,0
30,CHSM72M-HC-525,6,2256.0,1133.0,35.0,27.2,525,41.26,12.72,49.1,13.43,MONOCRISTALINO,HALF CELL,MONOFACIAL,-0.35,-0.27,0.045,0
31,CHSM72M-HC-530,6,2256.0,1133.0,35.0,27.2,530,41.43,12.79,49.3,13.52,MONOCRISTALINO,HALF CELL,MONOFACIAL,-0.35,-0.27,0.045,0
32,CHSM72M-HC-535,6,2256.0,1133.0,35.0,27.2,535,41.6,12.86,49.5,13.61,MONOCRISTALINO,HALF CELL,MONOFACIAL,-0.35,-0.27,0.045,0
33,CHSM72M-HC-540,6,2256.0,1133.0,35.0,27.2,540,41.76,12.93,49.7,13.72,MONOCRISTALINO,HALF CELL,MONOFACIAL,-0.35,-0.27,0.045,0
34,CHSM72M-HC-545,6,2256.0,1133.0,35.0,27.2,545,41.93,13.0,49.9,13.81,MONOCRISTALINO,HALF CELL,MONOFACIAL,-0.35,-0.27,0.045,0
35,BYD325-P6K-36-5B,7,1962.0,992.0,35.0,21.5,325,36.98,8.79,46.69,9.25,POLICRISTALINO,FULL CELL,MONOFACIAL,-0.39,-0.31,0.07,0
36,BYD330-P6K-36-5B,7,1962.0,992.0,35.0,21.5,330,37.16,8.88,46.98,9.31,POLICRISTALINO,FULL CELL,MONOFACIAL,-0.39,-0.31,0.07,0
37,BYD335-P6K-36-5B,7,1962.0,992.0,35.0,21.5,335,37.35,8.97,47.28,9.39,POLICRISTALINO,FULL CELL,MONOFACIAL,-0.39,-0.31,0.07,0
38,BYD340-P6K-36-5B,7,1962.0,992.0,35.0,21.5,340,37.53,9.06,47.58,9.47,POLICRISTALINO,FULL CELL,MONOFACIAL,-0.39,-0.31,0.07,0
39,JKM320PP-72,10,1956.0,942.0,40.0,26.5,320,37.4,8.56,46.4,9.05,POLICRISTALINO,FULL CELL,MONOFACIAL,-0.4,-0.31,0.06,0
40,JKM325PP-72,10,1956.0,942.0,40.0,26.5,325,37.6,8.66,46.7,9.1,POLICRISTALINO,FULL CELL,MONOFACIAL,-0.4,-0.31,0.06,0
41,JKM330PP-72,10,1956.0,942.0,40.0,26.5,330,37.8,8.74,46.9,9.14,POLICRISTALINO,FULL CELL,MONOFACIAL,-0.4,-0.31,0.06,0
42,JKM335PP-72,10,1956.0,942.0,40.0,26.5,335,38.0,8.82,47.2,9.18,POLICRISTALINO,FULL CELL,MONOFACIAL,-0.4,-0.31,0.06,0
43,JKM340PP-72,10,1956.0,942.0,40.0,26.5,340,38.2,8.91,47.5,9.22,POLICRISTALINO,FULL CELL,MONOFACIAL,-0.4,-0.31,0.06,0
44,RSM144-6-330P,12,2010.0,992.0,40.0,23.0,330,34.5,7.13,43.0,7.49,POLICRISTALINO,HALF CELL,MONOFACIAL,-0.39,-0.32,0.05,0
45,RSM144-6-335P,12,2010.0,992.0,40.0,23.0,335,34.7,7.19,43.3,7.53,POLICRISTALINO,HALF CELL,MONOFACIAL,-0.39,-0.32,0.05,0
46,RSM144-6-340P,12,2010.0,992.0,40.0,23.0,340,34.9,7.26,43.6,7.57,POLICRISTALINO,HALF CELL,MONOFACIAL,-0.39,-0.32,0.05,0
47,RSM144-6-345P,12,2010.0,992.0,40.0,23.0,345,35.2,7.31,43.9,7.61,POLICRISTALINO,HALF CELL,MONOFACIAL,-0.39,-0.32,0.05,0
48,CHSM6612P-330,6,1954.0,990.0,40.0,21.8,330,37.15,8.89,45.86,9.52,POLICRISTALINO,FULL CELL,MONOFACIAL,-0.408,-0.311,0.05,0
49,CHSM6612P-335,6,1954.0,990.0,40.0,21.8,335,37.26,9.0,45.98,9.57,POLICRISTALINO,FULL CELL,MONOFACIAL,-0.408,-0.311,0.05,0
50,CHSM6612P-340,6,1954.0,990.0,40.0,21.8,340,37.33,9.11,46.16,9.62,POLICRISTALINO,FULL CELL,MONOFACIAL,-0.408,-0.311,0.05,0
51,CHSM6612P-345,6,1954.0,990.0,40.0,21.8,345,37.38,9.23,46.37,9.67,POLICRISTALINO,FULL CELL,MONOFACIAL,-0.408,-0.311,0.05,0
52,TSM-340PE15H,15,2024.0,1004.0,35.0,22.8,340,37.5,9.06,46.2,9.53,POLICRISTALINO,HALF CELL,MONOFACIAL,-0.38,-0.31,0.05,0
53,TSM-345PE15H,15,2024.0,1004.0,35.0,22.8,345,37.7,9.15,46.4,9.62,POLICRISTALINO,HALF CELL,MONOFACIAL,-0.38,-0.31,0.05,0
54,TSM-350PE15H,15,2024.0,1004.0,35.0,22.8,350,37.9,9.23,46.7,9.71,POLICRISTALINO,HALF CELL,MONOFACIAL,-0.38,-0.31,0.05,0
55,TSM-355PE15H,15,2024.0,1004.0,35.0,22.8,355,38.1,9.32,47.0,9.81,POLICRISTALINO,HALF CELL,MONOFACIAL,-0.38,-0.31,0.05,0
56,TSM-390DE15M(II),15,2024.0,1004.0,35.0,22.8,390,40.0,9.75,48.8,10.3,MONOCRISTALINO,HALF CELL,MONOFACIAL,-0.37,-0.29,0.05,0
57,TSM-395DE15M(II),15,2024.0,1004.0,35.0,22.8,395,40.1,9.86,48.7,10.37,MONOCRISTALINO,HALF CELL,MONOFACIAL,-0.37,-0.29,0.05,0
58,TSM-400DE15M(II),15,2024.0,1004.0,35.0,22.8,400,40.3,9.92,49.0,10.45,MONOCRISTALINO,HALF CELL,MONOFACIAL,-0.37,-0.29,0.05,0
59,TSM-405DE15M(II),15,2024.0,1004.0,35.0,22.8,405,40.5,10.0,49.2,10.52,MONOCRISTALINO,HALF CELL,MONOFACIAL,-0.37,-0.29,0.05,0
60,TSM-410DE15M(II),15,2024.0,1004.0,35.0,22.8,410,40.7,10.07,49.4,10.59,MONOCRISTALINO,HALF CELL,MONOFACIAL,-0.37,-0.29,0.05,0
61,TSM-415DE15M(II),15,2024.0,1004.0,35.0,22.8,415,40.9,10.15,49.6,10.66,MONOCRISTALINO,HALF CELL,MONOFACIAL,-0.37,-0.29,0.05,0
62,BYD 520 MLTK-36,7,2256.0,1133.0,35.0,29.0,520,41.17,12.64,48.52,13.37,MONOCRISTALINO,HALF CELL,BIFACIAL,-0.39,-0.3,0.06,0
63,BYD 525 MLTK-36,7,2256.0,1133.0,35.0,29.0,525,41.39,12.69,48.82,13.41,MONOCRISTALINO,HALF CELL,BIFACIAL,-0.39,-0.3,0.06,0
64,BYD 530 MLTK-36,7,2256.0,1133.0,35.0,29.0,530,41.61,12.74,49.12,13.45,MONOCRISTALINO,HALF CELL,BIFACIAL,-0.39,-0.3,0.06,0
65,BYD 535 MLTK-36,7,2256.0,1133.0,35.0,29.0,535,41.83,12.79,49.42,13.49,MONOCRISTALINO,HALF CELL,BIFACIAL,-0.39,-0.3,0.06,0
66,BYD 540 MLTK-36,7,2256.0,1133.0,35.0,29.0,540,42.05,12.84,49.72,13.53,MONOCRISTALINO,HALF CELL,BIFACIAL,-0.39,-0.3,0.06,0
67,RSM144-7-430M,12,2108.0,1048.0,40.0,25.0,430,40.97,10.5,49.3,11.1,MONOCRISTALINO,HALF CELL,MONOFACIAL,-0.37,-0.29,0.05,0
68,RSM144-7-435M,12,2108.0,1048.0,40.0,25.0,435,41.05,10.6,49.4,11.2,MONOCRISTALINO,HALF CELL,MONOFACIAL,-0.37,-0.29,0.05,0
69,RSM144-7-440M,12,2108.0,1048.0,40.0,25.0,440,41.13,10.7,49.5,11.3,MONOCRISTALINO,HALF CELL,MONOFACIAL,-0.37,-0.29,0.05,0
70,RSM144-7-445M,12,2108.0,1048.0,40.0,25.0,445,41.25,10.8,49.6,11.4,MONOCRISTALINO,HALF CELL,MONOFACIAL,-0.37,-0.29,0.05,0
71,RSM144-7-450M,12,2108.0,1048.0,40.0,25.0,450,41.3,10.9,49.7,11.5,MONOCRISTALINO,HALF CELL,MONOFACIAL,-0.37,-0.29,0.05,0
72,RSM156-6-425M,12,2178.0,996.0,40.0,25.5,425,43.5,9.78,52.23,10.38,MONOCRISTALINO,HALF CELL,MONOFACIAL,-0.37,-0.29,0.05,0
73,RSM156-6-430M,12,2178.0,996.0,40.0,25.5,430,43.6,9.87,52.38,10.47,MONOCRISTALINO,HALF CELL,MONOFACIAL,-0.37,-0.29,0.05,0
74,RSM156-6-435M,12,2178.0,996.0,40.0,25.5,435,43.7,9.97,52.5,10.57,MONOCRISTALINO,HALF CELL,MONOFACIAL,-0.37,-0.29,0.05,0
75,RSM156-6-440M,12,2178.0,996.0,40.0,25.5,440,43.8,10.06,52.62,10.67,MONOCRISTALINO,HALF CELL,MONOFACIAL,-0.37,-0.29,0.05,0
76,RSM156-6-445M,12,2178.0,996.0,40.0,25.5,445,43.9,10.15,52.7,10.77,MONOCRISTALINO,HALF CELL,MONOFACIAL,-0.37,-0.29,0.05,0
77,SS-535-72MDH,13,2279.0,1134.0,35.0,27.6,535,40.66,13.16,49.34,13.79,MONOCRISTALINO,HALF CELL,MONOFACIAL,-0.35,-0.27,0.048,0
78,SS-540-72MDH,13,2279.0,1134.0,35.0,27.6,540,40.71,13.27,49.42,13.85,MONOCRISTALINO,HALF CELL,MONOFACIAL,-0.35,-0.27,0.048,0
79,SS-545-72MDH,13,2279.0,1134.0,35.0,27.6,545,40.76,13.38,49.51,13.94,MONOCRISTALINO,HALF CELL,MONOFACIAL,-0.35,-0.27,0.048,0
80,SS-550-72MDH,13,2279.0,1134.0,35.0,27.6,550,40.83,13.48,49.6,14.04,MONOCRISTALINO,HALF CELL,MONOFACIAL,-0.35,-0.27,0.048,0
81,TSM-430DE17M.TO(II),15,2102.0,1040.0,35.0,24.0,430,38.0,8.56,46.0,9.03,MONOCRISTALINO,HALF CELL,MONOFACIAL,-0.36,-0.26,0.04,0
82,TSM-435DE17M.TO(II),15,2102.0,1040.0,35.0,24.0,435,38.2,8.61,46.3,9.11,MONOCRISTALINO,HALF CELL,MONOFACIAL,-0.36,-0.26,0.04,0
83,TSM-440DE17M.TO(II),15,2102.0,1040.0,35.0,24.0,440,38.4,8.68,46.4,9.17,MONOCRISTALINO,HALF CELL,MONOFACIAL,-0.36,-0.26,0.04,0
84,TSM-445DE17M.TO(II),15,2102.0,1040.0,35.0,24.0,445,38.5,8.73,46.6,9.23,MONOCRISTALINO,HALF CELL,MONOFACIAL,-0.36,-0.26,0.04,0
85,TSM-450DE17M.TO(II),15,2102.0,1040.0,35.0,24.0,450,38.7,8.8,46.8,9.28,MONOCRISTALINO,HALF CELL,MONOFACIAL,-0.36,-0.26,0.04,0
86,TP7F72M(H)-530,14,2286.0,1135.0,35.0,29.0,530,40.8,13.0,49.0,13.76,MONOCRISTALINO,HALF CELL,MONOFACIAL,-0.36,-0.26,0.043,0
87,TP7F72M(H)-535,14,2286.0,1135.0,35.0,29.0,535,41.0,13.05,49.2,13.81,MONOCRISTALINO,HALF CELL,MONOFACIAL,-0.36,-0.26,0.043,0
88,TP7F72M(H)-540,14,2286.0,1135.0,35.0,29.0,540,41.2,13.11,49.4,13.87,MONOCRISTALINO,HALF CELL,MONOFACIAL,-0.36,-0.26,0.043,0
89,TP7F72M(H)-545,14,2286.0,1135.0,35.0,29.0,545,41.4,13.17,49.6,13.93,MONOCRISTALINO,HALF CELL,MONOFACIAL,-0.36,-0.26,0.043,0
90,TP7F72M(H)-550,14,2286.0,1135.0,35.0,29.0,550,41.6,13.23,49.8,13.99,MONOCRISTALINO,HALF CELL,MONOFACIAL,-0.36,-0.26,0.043,0
91,TSM-585DEG20C.20,15,2172.0,1303.0,33.0,34.9,585,34.0,17.21,41.1,18.26,MONOCRISTALINO,HALF CELL,BIFACIAL,-0.34,-0.25,0.04,0
92,TSM-590DEG20C.20,15,2172.0,1303.0,33.0,34.9,590,34.2,17.25,41.3,18.31,MONOCRISTALINO,HALF CELL,BIFACIAL,-0.34,-0.25,0.04,0
93,TSM-595DEG20C.20,15,2172.0,1303.0,33.0,34.9,595,34.4,17.3,41.5,18.36,MONOCRISTALINO,HALF CELL,BIFACIAL,-0.34,-0.25,0.04,0
94,TSM-600DEG20C.20,15,2172.0,1303.0,33.0,34.9,600,34.6,17.34,41.7,18.42,MONOCRISTALINO,HALF CELL,BIFACIAL,-0.34,-0.25,0.04,0
95,TSM-605DEG20C.20,15,2172.0,1303.0,33.0,34.9,605,34.8,17.39,41.9,18.48,MONOCRISTALINO,HALF CELL,BIFACIAL,-0.34,-0.25,0.04,0
96,WPV 550 HMM3,1,2278.0,1134.0,30.0,27.3,550,41.96,13.11,49.9,14.0,MONOCRISTALINO,HALF CELL,MONOFACIAL,-0.35,-0.27,0.045,1
97,LR5-72HPH-525M,11,2256.0,1133.0,35.0,27.2,525,41.2,12.75,49.05,13.65,MONOCRISTALINO,HALF CELL,MONOFACIAL,-0.35,-0.27,0.048,0
98,LR5-72HPH-530M,11,2256.0,1133.0,35.0,27.2,530,41.35,12.82,49.2,13.71,MONOCRISTALINO,HALF CELL,MONOFACIAL,-0.35,-0.27,0.048,0
99,LR5-72HPH-535M,11,2256.0,1133.0,35.0,27.2,535,41.5,12.9,49.35,13.78,MONOCRISTALINO,HALF CELL,MONOFACIAL,-0.35,-0.27,0.048,0
100,LR5-72HPH-540M,11,2256.0,1133.0,35.0,27.2,540,41.65,12.97,49.5,13.85,MONOCRISTALINO,HALF CELL,MONOFACIAL,-0.35,-0.27,0.048,0
101,LR5-72HPH-545M,11,2256.0,1133.0,35.0,27.2,545,41.8,13.04,49.65,13.92,MONOCRISTALINO,HALF CELL,MONOFACIAL,-0.35,-0.27,0.048,0
102,LR5-72HPH-550M,11,2256.0,1133.0,35.0,27.2,550,41.95,13.12,49.8,13.98,MONOCRISTALINO,HALF CELL,MONOFACIAL,-0.35,-0.27,0.048,0
103,LR5-72HPH-555M,11,2256.0,1133.0,35.0,27.2,555,42.1,13.19,49.95,14.04,MONOCRISTALINO,HALF CELL,MONOFACIAL,-0.35,-0.27,0.048,1
104,JKM555M-72HL4,10,2278.0,1134.0,30.0,27.0,555,40.99,13.54,49.72,14.12,MONOCRISTALINO,HALF CELL,MONOFACIAL,-0.35,-0.28,0.048,1
105,CHSM78N(DG)/F-BH-630,6,2465.0,1134.0,30.0,34.7,630,46.45,13.56,56.21,14.19,MONOCRISTALINO,HALF CELL,BIFACIAL,-0.29,-0.25,0.043,0
106,CHSM78N(DG)/F-BH-635,6,2465.0,1134.0,30.0,34.7,635,46.62,13.62,56.41,14.27,MONOCRISTALINO,HALF CELL,BIFACIAL,-0.29,-0.25,0.043,1
107,JAM66D42-570/MB,9,2278.0,1134.0,30.0,31.8,570,40.0,14.25,47.78,15.11,MONOCRISTALINO,HALF CELL,BIFACIAL,-0.3,-0.26,0.046,1
108,JKM585N 72HL4-V,10,2278.0,1134.0,30.0,27.0,585,43.53,13.44,52.47,14.07,MONOCRISTALINO,HALF CELL,MONOFACIAL,-0.25,-0.29,0.045,1
109,TSM-710NEG21C.20,15,2384.0,1303.0,33.0,38.3,710,40.9,17.36,49.0,18.4,MONOCRISTALINO,HALF CELL,BIFACIAL,-0.24,-0.29,0.04,1
110,BYD550MLK-36,7,2278.0,1134.0,35.0,29.3,550,42.49,12.94,50.32,13.61,MONOCRISTALINO,HALF CELL,MONOFACIAL,-0.39,-0.3,0.06,1
111,CHSM72N(DG)/F-BH-570,6,2278.0,1134.0,30.0,32.1,570,42.77,13.33,50.9,14.1,MONOCRISTALINO,HALF CELL,BIFACIAL,-0.29,-0.25,0.043,1
112,HS-210-B132 DS700,8,2384.0,1303.0,33.0,37.9,700,41.78,16.76,49.77,17.81,MONOCRISTALINO,HALF CELL,BIFACIAL,-0.24,-0.22,0.04,1
113,WPV 555 HMM3,1,2278.0,1134.0,30.0,27.3,555,42.11,13.18,50.02,14.07,MONOCRISTALINO,HALF CELL,MONOFACIAL,-0.35,-0.27,0.045,0
114,TSM-695NEG21C.20,15,2384.0,1303.0,33.0,38.3,695,40.3,17.25,48.3,18.28,MONOCRISTALINO,HALF CELL,BIFACIAL,-0.24,-0.29,0.04,0
115,TSM-700NEG21C.20,15,2384.0,1303.0,33.0,38.3,700,40.5,17.29,48.6,18.32,MONOCRISTALINO,HALF CELL,BIFACIAL,-0.24,-0.29,0.04,0
116,TSM-705NEG21C.20,15,2384.0,1303.0,33.0,38.3,705,40.7,17.33,48.8,18.36,MONOCRISTALINO,HALF CELL,BIFACIAL,-0.24,-0.29,0.04,0
117,TSM-715NEG21C.20,15,2384.0,1303.0,33.0,38.3,715,41.1,17.4,49.2,18.44,MONOCRISTALINO,HALF CELL,BIFACIAL,-0.24,-0.29,0.04,0
118,TSM-720NEG21C.20,15,2384.0,1303.0,33.0,38.3,720,41.3,17.44,49.4,18.49,MONOCRISTALINO,HALF CELL,BIFACIAL,-0.24,-0.29,0.04,0
119,TSM-670NEG21C.20,15,2384.0,1303.0,33.0,38.3,670,39.2,17.09,47.0,18.1,MONOCRISTALINO,HALF CELL,BIFACIAL,-0.24,-0.3,0.04,0
120,TSM-680NEG21C.20,15,2384.0,1303.0,33.0,38.3,680,39.6,17.16,47.4,18.18,MONOCRISTALINO,HALF CELL,BIFACIAL,-0.24,-0.3,0.04,0
121,TSM-675NEG21C.20,15,2384.0,1303.0,33.0,38.3,675,39.4,17.12,47.2,18.14,MONOCRISTALINO,HALF CELL,BIFACIAL,-0.24,-0.3,0.04,0
122,TSM-690NEG21C.20,15,2384.0,1303.0,33.0,38.3,690,40.1,17.23,47.9,18.25,MONOCRISTALINO,HALF CELL,BIFACIAL,-0.24,-0.3,0.04,0
123,TSM-685NEG21C.20,15,2384.0,1303.0,33.0,38.3,685,39.8,17.19,47.7,18.21,MONOCRISTALINO,HALF CELL,BIFACIAL,-0.24,-0.3,0.04,0
124,HS-210-B132 DS705,8,2384.0,1303.0,33.0,37.9,705,41.87,16.84,49.87,17.9,MONOCRISTALINO,HALF CELL,BIFACIAL,-0.24,-0.22,0.04,0
125,TWMNH-66HD610,16,2382.0,1134.0,30.0,32.5,610,40.48,15.07,48.7,15.94,MONOCRISTALINO,HALF CELL,BIFACIAL,-0.28,-0.24,0.046,1
126,TWMNH-66HD615,16,2382.0,1134.0,30.0,32.5,615,40.65,15.13,48.9,16.0,MONOCRISTALINO,HALF CELL,BIFACIAL,-0.28,-0.24,0.046,1
127,TWMNH-66HD620,16,2382.0,1134.0,30.0,32.5,620,40.82,15.19,49.1,16.06,MONOCRISTALINO,HALF CELL,BIFACIAL,-0.28,-0.24,0.046,1
128,TWMNH-66HD625,16,2382.0,1134.0,30.0,32.5,625,40.96,15.26,49.3,16.12,MONOCRISTALINO,HALF CELL,BIFACIAL,-0.28,-0.24,0.046,1
129,TWMNH-66HD630,16,2382.0,1134.0,30.0,32.5,630,41.1,15.33,49.5,16.18,MONOCRISTALINO,HALF CELL,BIFACIAL,-0.28,-0.24,0.046,1
130,JAM72D42-615/LB,9,2465.0,1134.0,30.0,34.6,615,43.31,14.2,51.87,15.06,MONOCRISTALINO,HALF CELL,BIFACIAL,-0.29,-0.25,0.045,0
131,JAM72D42-620/LB,9,2465.0,1134.0,30.0,34.6,620,43.51,14.25,52.07,15.11,MONOCRISTALINO,HALF CELL,BIFACIAL,-0.29,-0.25,0.045,0
132,JAM72D42-625/LB,9,2465.0,1134.0,30.0,34.6,625,43.71,14.3,52.27,15.16,MONOCRISTALINO,HALF CELL,BIFACIAL,-0.29,-0.25,0.045,0
133,JAM72D42-630/LB,9,2465.0,1134.0,30.0,34.6,630,43.9,14.35,52.47,15.21,MONOCRISTALINO,HALF CELL,BIFACIAL,-0.29,-0.25,0.045,0
134,JAM72D42-635/LB,9,2465.0,1134.0,30.0,34.6,635,44.1,14.4,52.67,15.26,MONOCRISTALINO,HALF CELL,BIFACIAL,-0.29,-0.25,0.045,0
135,JAM72D42-640/LB,9,2465.0,1134.0,30.0,34.6,640,44.29,14.45,52.87,15.31,MONOCRISTALINO,HALF CELL,BIFACIAL,-0.29,-0.25,0.045,0
136,JAM66D42-560/MB,9,2278.0,1134.0,30.0,31.8,560,39.58,14.15,47.38,15.01,MONOCRISTALINO,HALF CELL,BIFACIAL,-0.3,-0.26,0.046,0
137,JAM66D42-565/MB,9,2278.0,1134.0,30.0,31.8,565,39.79,14.2,47.58,15.06,MONOCRISTALINO,HALF CELL,BIFACIAL,-0.3,-0.26,0.046,0
138,JAM66D42-575/MB,9,2278.0,1134.0,30.0,31.8,575,40.21,14.3,47.98,15.16,MONOCRISTALINO,HALF CELL,BIFACIAL,-0.3,-0.26,0.046,0
139,JAM66D42-580/MB,9,2278.0,1134.0,30.0,31.8,580,40.42,14.35,48.18,15.21,MONOCRISTALINO,HALF CELL,BIFACIAL,-0.3,-0.26,0.046,0
140,JAM66D42-585/MB,9,2278.0,1134.0,30.0,31.8,585,40.63,14.4,48.38,15.26,MONOCRISTALINO,HALF CELL,BIFACIAL,-0.3,-0.26,0.046,0
141,HS-210-B132 DS710,8,2384.0,1303.0,33.0,37.9,710,41.96,16.93,49.97,17.99,MONOCRISTALINO,HALF CELL,BIFACIAL,-0.24,-0.22,0.04,0
142,HS-210-B132 DS715,8,2384.0,1303.0,33.0,37.9,715,42.05,17.02,50.07,18.08,MONOCRISTALINO,HALF CELL,BIFACIAL,-0.24,-0.22,0.04,0
143,HS-210-B132 DS720,8,2384.0,1303.0,33.0,37.9,720,42.14,17.1,50.17,18.17,MONOCRISTALINO,HALF CELL,BIFACIAL,-0.24,-0.22,0.04,0
144,HS-210-B132 DS725,8,2384.0,1303.0,33.0,37.9,725,42.23,17.18,50.27,18.26,MONOCRISTALINO,HALF CELL,BIFACIAL,-0.24,-0.22,0.04,0
145,HS-210-B132 DS730,8,2384.0,1303.0,33.0,37.9,730,42.32,17.26,50.37,18.35,MONOCRISTALINO,HALF CELL,BIFACIAL,-0.24,-0.22,0.04,0
146,HS-210-B132 DS735,8,2384.0,1303.0,33.0,37.9,735,42.41,17.34,50.47,18.44,MONOCRISTALINO,HALF CELL,BIFACIAL,-0.24,-0.22,0.04,0
147,CHSM72N(DG)/F-BH-575,6,2278.0,1134.0,30.0,32.1,575,42.94,13.39,51.1,14.19,MONOCRISTALINO,HALF CELL,BIFACIAL,-0.29,-0.25,0.043,0
148,CHSM72N(DG)/F-BH-580,6,2278.0,1134.0,30.0,32.1,580,43.11,13.45,51.3,14.28,MONOCRISTALINO,HALF CELL,BIFACIAL,-0.29,-0.25,0.043,0
149,CHSM72N(DG)/F-BH-585,6,2278.0,1134.0,30.0,32.1,585,43.27,13.52,51.5,14.36,MONOCRISTALINO,HALF CELL,BIFACIAL,-0.29,-0.25,0.043,0
150,CHSM72N(DG)/F-BH-590,6,2278.0,1134.0,30.0,32.1,590,43.45,13.58,51.7,14.45,MONOCRISTALINO,HALF CELL,BIFACIAL,-0.29,-0.25,0.043,0
151,CHSM72N(DG)/F-BH-595,6,2278.0,1134.0,30.0,32.1,595,43.61,13.64,51.9,14.53,MONOCRISTALINO,HALF CELL,BIFACIAL,-0.29,-0.25,0.043,0
152,CHSM78N(DG)/F-BH-625,6,2465.0,1134.0,30.0,34.7,625,46.29,13.5,56.01,14.11,MONOCRISTALINO,HALF CELL,BIFACIAL,-0.29,-0.25,0.043,0
153,CHSM78N(DG)/F-BH-640,6,2465.0,1134.0,30.0,34.7,640,46.79,13.68,56.61,14.35,MONOCRISTALINO,HALF CELL,BIFACIAL,-0.29,-0.25,0.043,0
154,CHSM78N(DG)/F-BH-645,6,2465.0,1134.0,30.0,34.7,645,46.95,13.74,56.81,14.43,MONOCRISTALINO,HALF CELL,BIFACIAL,-0.29,-0.25,0.043,0
155,CHSM78N(DG)/F-BH-650,6,2465.0,1134.0,30.0,34.7,650,47.12,13.8,57.01,14.51,MONOCRISTALINO,HALF CELL,BIFACIAL,-0.29,-0.25,0.043,0
156,CHSM72M-HC-375,6,1986.0,992.0,40.0,22.2,375,39.94,9.39,47.89,9.88,MONOCRISTALINO,HALF CELL,MONOFACIAL,-0.3528,-0.2769,0.03528,0
157,CHSM72M-HC-380,6,1986.0,992.0,40.0,22.2,380,40.26,9.44,48.18,9.95,MONOCRISTALINO,HALF CELL,MONOFACIAL,-0.3528,-0.2769,0.03528,0
158,CHSM72M-HC-385,6,1986.0,992.0,40.0,22.2,385,40.58,9.49,48.47,10.02,MONOCRISTALINO,HALF CELL,MONOFACIAL,-0.3528,-0.2769,0.03528,0
159,CHSM72M-HC-390,6,1986.0,992.0,40.0,22.2,390,40.81,9.56,48.7,10.1,MONOCRISTALINO,HALF CELL,MONOFACIAL,-0.3528,-0.2769,0.03528,0
160,CHSM72M-HC-395,6,1986.0,992.0,40.0,22.2,395,41.07,9.62,48.98,10.17,MONOCRISTALINO,HALF CELL,MONOFACIAL,-0.3528,-0.2769,0.03528,0
161,CHSM72M-HC-550,6,2256.0,1133.0,35.0,27.2,550,42.1,13.06,50.1,13.9,MONOCRISTALINO,HALF CELL,MONOFACIAL,-0.35,-0.27,0.045,0
162,CHSM72M-HC-555,6,2278.0,1134.0,30.0,23.6,555,42.27,13.13,50.3,13.98,MONOCRISTALINO,HALF CELL,MONOFACIAL,-0.35,-0.27,0.045,0
163,LR5-72HTH-565M,11,2278.0,1134.0,30.0,27.2,565,43.61,12.96,51.76,14.01,MONOCRISTALINO,HALF CELL,MONOFACIAL,-0.29,-0.23,0.05,0
164,LR5-72HTH-570M,11,2278.0,1134.0,30.0,27.2,570,43.76,13.03,51.91,14.07,MONOCRISTALINO,HALF CELL,MONOFACIAL,-0.29,-0.23,0.05,0
165,LR5-72HTH-575M,11,2278.0,1134.0,30.0,27.2,575,43.91,13.1,52.06,14.14,MONOCRISTALINO,HALF CELL,MONOFACIAL,-0.29,-0.23,0.05,0
166,LR5-72HTH-580M,11,2278.0,1134.0,30.0,27.2,580,44.06,13.17,52.21,14.2,MONOCRISTALINO,HALF CELL,MONOFACIAL,-0.29,-0.23,0.05,0
167,LR5-72HTH-585M,11,2278.0,1134.0,30.0,27.2,585,44.21,13.24,52.36,14.27,MONOCRISTALINO,HALF CELL,MONOFACIAL,-0.29,-0.23,0.05,0
168,CS6K-265P,17,1650.0,992.0,40.0,18.2,265,30.6,8.66,37.7,9.23,POLICRISTALINO,FULL CELL,MONOFACIAL,-0.41,-0.31,0.053,0
169,CS6K-270P,17,1650.0,992.0,40.0,18.2,270,30.8,8.75,37.9,9.32,POLICRISTALINO,FULL CELL,MONOFACIAL,-0.41,-0.31,0.053,0
170,CS6K-275P,17,1650.0,992.0,40.0,18.2,275,31.0,8.88,38.0,9.45,POLICRISTALINO,FULL CELL,MONOFACIAL,-0.41,-0.31,0.053,0
171,RSM144-9-535M,12,2279.0,1134.0,35.0,27.8,535,41.87,12.79,49.5,13.64,MONOCRISTALINO,HALF CELL,MONOFACIAL,-0.35,-0.275,0.045,0
172,RSM144-9-540M,12,2279.0,1134.0,35.0,27.8,540,41.99,12.87,49.6,13.74,MONOCRISTALINO,HALF CELL,MONOFACIAL,-0.35,-0.275,0.045,0
173,RSM144-9-545M,12,2279.0,1134.0,35.0,27.8,545,42.11,12.96,49.7,13.84,MONOCRISTALINO,HALF CELL,MONOFACIAL,-0.35,-0.275,0.045,0
174,RSM144-9-550M,12,2279.0,1134.0,35.0,27.8,550,42.2,13.04,49.8,13.94,MONOCRISTALINO,HALF CELL,MONOFACIAL,-0.35,-0.275,0.045,1
175,RSM144-9-555M,12,2279.0,1134.0,35.0,27.8,555,42.29,13.13,49.91,14.04,MONOCRISTALINO,HALF CELL,MONOFACIAL,-0.35,-0.275,0.045,0
