ID,INVERTER_ID,MPPT_INDEX,NUMBER_OF_INPUTS,MAX_INPUT_VOLTAGE,MIN_STARTUP_VOLTAGE,MAX_OPERATING_VOLTAGE,MIN_OPERATING_VOLTAGE,MAX_FULL_LOAD_VOLTAGE,MIN_FULL_LOAD_VOLTAGE,RATED_INPUT_VOLTAGE,MAX_SHORT_CIRCUIT_CURRENT,MAX_OPERATING_CURRENT
1,1,0,1,600,120,500,90,480,120,380,15.0,11.0
2,2,0,1,600,120,500,90,480,160,380,15.0,11.0
3,3,0,1,600,120,500,90,480,190,380,15.0,11.0
4,4,0,1,600,120,500,90,480,210,380,15.0,11.0
5,5,0,1,600,120,500,90,480,260,380,15.0,11.0
6,6,0,1,600,120,500,90,480,260,380,15.0,11.0
7,7,0,2,1000,250,950,200,800,320,-1,25.0,18.0
8,8,0,2,1000,250,950,200,800,320,-1,25.0,18.0
9,9,0,2,1000,250,950,200,800,380,-1,25.0,18.0
10,10,0,2,1000,250,950,200,800,400,-1,25.0,18.0
11,11,0,2,1000,250,950,200,800,400,-1,25.0,18.0
12,12,0,2,1000,250,950,200,800,480,-1,25.0,18.0
13,13,0,2,1000,250,950,200,800,480,-1,25.0,18.0
14,14,0,2,1000,250,950,200,800,520,-1,25.0,18.0
15,15,0,2,1100,250,1000,200,800,480,620,30.0,22.0
16,16,0,2,1100,250,1000,200,800,480,620,30.0,22.0
17,17,0,2,1100,250,1000,200,800,480,620,30.0,22.0
18,18,0,2,1100,250,1000,200,850,580,620,30.0,22.0
19,19,0,2,1080,200,950,160,850,320,600,30.0,22.0
20,20,0,2,1080,200,950,160,850,320,600,30.0,22.0
21,21,0,2,1080,200,950,160,850,380,600,30.0,22.0
22,22,0,2,1080,200,950,160,850,380,600,30.0,22.0
23,23,0,2,1080,200,950,160,850,400,600,30.0,22.0
24,24,0,2,1080,200,950,160,850,480,600,30.0,22.0
25,25,0,2,1080,200,950,160,850,320,600,30.0,22.0
26,26,0,2,1080,200,950,160,850,320,600,30.0,22.0
27,27,0,2,1080,200,950,160,850,380,600,30.0,22.0
28,28,0,2,1080,200,950,160,850,380,600,30.0,22.0
29,29,0,2,1080,200,950,160,850,400,600,30.0,22.0
30,30,0,2,1080,200,950,160,850,480,600,30.0,22.0
31,31,0,2,800,200,750,200,550,300,350,40.0,26.0
32,32,0,2,1100,200,1000,200,800,500,600,40.0,26.0
33,33,0,2,1100,200,1000,200,800,500,600,40.0,26.0
34,34,0,2,1100,200,1000,200,800,520,600,40.0,26.0
35,35,0,2,1100,200,1000,200,800,540,600,40.0,26.0
36,36,0,2,1100,200,1000,200,800,520,-1,30.0,22.0
37,37,0,2,1100,200,1000,200,800,520,-1,30.0,22.0
38,38,0,2,1100,200,1000,200,850,600,-1,30.0,22.0
39,39,0,2,1100,200,1000,200,800,540,600,40.0,26.0
40,40,0,2,1100,200,1000,200,800,540,600,40.0,26.0
41,41,0,2,1100,200,1000,200,800,540,600,40.0,26.0
42,42,0,2,1100,200,1000,200,850,625,750,40.0,26.0
43,43,0,2,1100,200,1000,200,800,540,570,40.0,26.0
44,44,0,2,1500,650,1500,600,1300,880,1080,33.0,22.0
45,45,0,2,1500,650,1500,600,1300,880,1080,33.0,22.0
46,46,0,2,1500,650,1500,600,1300,880,1080,33.0,22.0
47,47,0,2,1500,650,1500,600,1300,880,1080,33.0,22.0
48,48,0,2,1500,650,1500,600,1300,880,1080,33.0,22.0
49,49,0,2,1500,650,1500,600,1300,880,1080,33.0,22.0
50,50,0,2,1500,650,1500,600,1300,880,1080,33.0,22.0
51,51,0,2,1500,550,1500,500,-1,-1,1080,50.0,30.0
52,52,0,2,1500,550,1500,500,-1,-1,1080,50.0,30.0
53,53,0,2,1500,550,1500,500,-1,-1,1080,50.0,30.0
54,54,0,1,500,40,450,40,450,40,360,15.6,12.5
55,55,0,1,500,40,450,40,450,40,360,15.6,12.5
56,56,0,1,500,50,450,50,-1,-1,360,15.6,12.5
57,57,0,1,500,50,450,50,-1,-1,360,15.6,12.5
58,58,0,1,500,50,450,50,-1,-1,360,15.6,12.5
59,59,0,1,500,50,450,50,-1,-1,360,15.6,12.5
60,60,0,1,500,50,450,50,-1,-1,360,15.6,12.5
61,61,0,1,600,50,550,50,-1,-1,360,16.3,13.0
62,62,0,1,600,50,550,50,-1,-1,360,16.3,13.0
63,63,0,1,600,120,550,80,550,80,360,15.0,12.5
64,64,0,1,600,120,550,80,550,80,360,15.0,12.5
65,65,0,1,600,120,550,80,550,80,360,15.0,12.5
66,66,0,1,600,120,550,80,550,80,360,15.0,12.5
67,67,0,1,600,120,550,80,550,80,360,15.0,12.5
68,68,0,1,535,80,435,80,-1,-1,230,15.6,12.5
69,69,0,1,600,80,550,80,550,150,360,13.8,11.0
70,70,0,1,600,80,550,80,550,180,360,13.8,11.0
71,71,0,1,600,80,550,80,550,210,360,13.8,11.0
72,72,0,1,600,80,550,80,550,240,360,13.8,11.0
73,73,0,1,600,80,550,80,550,280,360,13.8,11.0
74,74,0,1,600,80,550,80,550,130,360,16.3,13.0
75,75,0,1,600,80,550,80,550,150,360,16.3,13.0
76,76,0,1,600,80,550,80,550,170,360,16.3,13.0
77,77,0,1,600,80,550,80,550,200,360,16.3,13.0
78,78,0,1,600,80,550,80,550,240,360,16.3,13.0
79,79,0,4,1100,200,1000,200,1000,200,600,55.0,44.0
80,80,0,1,600,80,550,80,550,225,360,18.0,14.0
81,81,0,1,600,80,550,80,550,225,360,18.0,14.0
82,82,0,1,600,80,550,80,550,255,360,18.0,14.0
83,83,0,1,600,80,550,80,550,280,360,18.0,14.0
84,84,0,1,600,80,550,80,550,285,360,18.0,14.0
85,85,0,2,1100,180,850,160,850,160,600,16.25,12.5
86,86,0,2,1100,180,850,160,850,180,600,16.25,12.5
87,87,0,2,1100,180,850,160,850,210,600,16.25,12.5
88,88,0,2,1100,180,850,160,850,250,600,16.25,12.5
89,89,0,1,1100,180,850,160,850,330,600,16.25,12.5
90,90,0,1,1100,180,850,160,850,410,600,16.25,12.5
91,91,0,1,1100,180,850,160,850,490,600,16.25,12.5
92,92,0,1,1100,180,850,160,850,410,600,16.25,12.5
93,93,0,2,1100,180,850,160,850,350,600,32.5,25.0
94,94,0,2,1100,180,850,160,850,410,600,32.5,25.0
95,95,0,2,1100,180,850,160,850,510,600,32.5,25.0
96,96,0,2,1100,180,850,160,850,160,600,32.5,25.0
97,97,0,2,1100,180,850,160,850,200,600,32.5,25.0
98,98,0,2,1100,180,850,160,850,240,600,32.5,25.0
99,99,0,2,1100,180,850,160,850,300,600,32.5,25.0
100,100,0,2,1100,250,1000,200,850,550,600,40.0,26.0
101,101,0,2,1100,250,1000,200,850,550,600,40.0,26.0
102,102,0,2,1100,250,1000,200,850,550,600,40.0,26.0
103,103,0,1,600,120,550,80,550,130,360,15.0,12.5
104,104,0,1,600,120,550,80,550,150,360,15.0,12.5
105,105,0,1,600,120,550,80,550,200,360,15.0,12.5
106,106,0,1,600,120,550,80,550,210,360,15.0,12.5
107,107,0,1,600,120,550,80,550,250,360,15.0,12.5
108,108,0,1,600,120,550,80,550,250,360,15.0,12.5
109,109,0,1,450,80,400,80,400,80,-1,10.0,10.0
110,110,0,1,500,80,450,80,450,80,-1,15.0,15.0
111,111,0,1,580,120,550,125,550,125,-1,11.0,11.0
112,112,0,3,800,250,650,260,650,260,-1,27.0,27.0
113,113,0,2,1000,250,850,260,850,260,-1,22.0,22.0
114,114,0,3,1000,250,850,260,850,260,-1,27.0,27.0
115,115,0,3,800,200,650,200,650,200,-1,30.0,30.0
116,116,0,4,800,200,650,200,650,200,-1,44.0,44.0
117,117,0,3,1000,200,850,200,850,200,-1,30.0,30.0
118,118,0,1,60,24,45,31,-1,-1,-1,24.0,20.0
119,119,0,1,60,24,45,31,-1,-1,-1,24.0,20.0
120,120,0,1,60,24,45,31,-1,-1,-1,24.0,20.0
121,121,0,1,60,24,45,31,-1,-1,-1,24.0,20.0
122,122,0,1,600,50,550,50,550,50,360,16.3,13.0
123,123,0,1,600,80,550,80,550,200,360,16.3,13.0
124,124,0,1,600,120,550,80,550,80,360,15.0,12.5
125,125,0,1,600,120,550,80,550,80,360,15.0,12.5
126,126,0,1,600,120,550,80,550,130,360,15.0,12.5
127,127,0,1,600,120,550,80,550,150,360,15.0,12.5
128,128,0,1,600,120,550,80,550,200,360,15.0,12.5
129,129,0,1,600,120,550,80,550,210,360,15.0,12.5
130,130,0,1,600,120,550,80,550,250,360,15.0,12.5
131,131,0,1,600,120,550,80,550,130,360,18.0,14.0
132,132,0,1,600,120,550,80,550,210,360,18.0,14.0
133,133,0,1,600,120,550,80,550,250,360,18.0,14.0
134,134,0,1,600,120,550,80,550,225,360,18.0,14.0
135,135,0,1,600,120,550,80,550,225,360,18.0,14.0
136,136,0,1,600,120,550,80,550,255,360,18.0,14.0
137,137,0,1,600,120,550,80,550,225,360,18.0,14.0
138,138,0,1,600,120,550,80,550,130,360,18.0,14.0
139,139,0,1,600,120,550,80,550,210,360,18.0,14.0
140,140,0,1,600,120,550,80,550,250,360,18.0,14.0
141,141,0,1,600,120,550,80,550,225,360,18.0,14.0
142,142,0,1,600,120,550,80,550,225,360,18.0,14.0
143,143,0,1,600,120,550,80,550,225,360,18.0,14.0
144,144,0,1,600,120,550,80,550,225,360,18.0,14.0
145,145,0,1,600,120,550,80,550,225,360,18.0,14.0
146,146,0,1,600,75,550,80,550,80,360,20.0,16.0
147,147,0,1,600,75,550,80,550,80,360,20.0,16.0
148,148,0,1,600,75,550,80,550,80,360,20.0,16.0
149,149,0,1,600,75,550,80,550,80,360,20.0,16.0
150,150,0,1,600,75,550,80,550,80,360,20.0,16.0
151,151,0,1,600,75,500,80,500,80,360,20.0,16.0
152,152,0,1,600,75,500,80,500,80,360,20.0,16.0
153,153,0,1,600,75,500,80,500,80,360,20.0,16.0
154,154,0,1,600,75,500,80,500,80,360,20.0,16.0
155,155,0,1,600,75,500,80,500,80,360,20.0,16.0
156,156,0,1,600,75,500,80,500,80,360,20.0,16.0
157,157,0,1,600,100,560,90,560,90,360,18.0,12.5
158,158,0,1,600,100,560,90,560,90,360,18.0,12.5
159,159,0,1,600,100,560,90,560,90,360,18.0,12.5
160,160,0,1,600,50,560,40,560,40,360,20.0,16.0
161,161,0,1,600,50,560,40,560,40,360,20.0,16.0
162,162,0,1,600,120,500,90,500,90,380,15.0,11.0
163,163,0,1,600,120,500,90,500,90,380,15.0,11.0
164,164,0,1,600,120,500,90,500,90,380,15.0,11.0
165,165,0,1,600,120,500,90,500,90,380,15.0,11.0
166,166,0,1,600,100,600,90,560,90,360,18.0,12.5
167,167,0,1,600,100,600,90,560,90,360,18.0,12.5
168,168,0,1,600,100,600,90,560,90,360,18.0,12.5
169,169,0,1,600,100,600,90,560,90,360,18.0,12.5
170,170,0,1,600,100,600,90,560,90,360,18.0,12.5
171,171,0,1,600,50,560,40,560,40,360,20.0,16.0
172,172,0,1,600,50,560,40,560,40,360,20.0,16.0
173,173,0,1,600,50,560,40,560,40,360,20.0,16.0
174,174,0,4,1100,200,1000,200,1000,200,600,55.0,44.0
175,175,0,1,1100,140,1000,140,850,455,600,18.2,14.0
176,176,0,2,1100,140,1000,140,850,275,600,36.4,28.0
177,177,0,2,1100,140,1000,140,850,370,600,36.4,28.0
178,178,0,2,1100,140,1000,140,850,460,600,36.4,28.0
179,179,0,2,1100,250,1000,200,850,550,600,40.0,26.0
180,180,0,2,1100,250,1000,200,850,550,600,40.0,26.0
181,181,0,1,1100,140,1000,140,850,455,600,18.2,14.0
182,182,0,2,1100,140,1000,140,850,275,600,36.4,28.0
183,183,0,2,1100,140,1000,140,850,370,600,36.4,28.0
184,184,0,2,1100,140,1000,140,850,460,600,36.4,28.0
185,185,0,2,1100,250,1000,200,800,550,600,50.0,40.0
186,186,0,2,1100,250,1000,200,800,550,600,50.0,40.0
187,187,0,2,1100,250,1000,200,800,550,600,50.0,40.0
188,188,0,2,1100,250,1000,200,800,320,360,50.0,40.0
189,189,0,2,1100,250,1000,200,800,320,360,50.0,40.0
190,190,0,2,1100,250,1000,200,800,320,360,50.0,40.0
191,191,0,2,1100,250,1000,200,800,320,360,50.0,40.0
192,192,0,2,1100,250,1000,200,800,320,360,50.0,40.0
193,193,0,2,1000,160,850,150,850,230,750,20.0,16.0
194,194,0,2,1000,160,850,150,850,270,750,20.0,16.0
195,195,0,2,1000,160,850,150,850,170,750,40.0,32.0
196,196,0,2,1000,160,850,150,850,230,750,40.0,32.0
197,197,0,2,1000,160,850,150,850,280,750,40.0,32.0
198,198,0,2,1000,160,850,150,850,340,750,40.0,32.0
199,199,0,2,1100,250,1000,200,550,300,350,45.0,30.0
200,200,0,2,1100,200,950,200,850,400,615,45.0,30.0
201,201,0,2,1100,200,1000,200,800,540,600,40.0,30.0
202,202,0,2,1100,200,1000,200,800,540,600,40.0,30.0
203,203,2145,4,1500,550,1500,500,1300,880,1080,115.0,65.0
204,203,14,5,1500,550,1500,500,1300,880,1080,115.0,65.0
205,204,0,2,1080,200,950,160,850,380,600,30.0,22.0
206,205,0,2,1080,200,950,160,850,380,600,30.0,22.0
207,206,0,2,1080,200,950,160,850,380,600,30.0,22.0
208,207,0,2,1100,200,1000,200,800,480,620,30.0,22.0
209,208,0,2,1100,200,1000,200,800,480,620,30.0,22.0
210,209,0,2,1100,200,1000,200,850,580,720,30.0,22.0
211,210,0,2,1100,200,1000,200,800,520,600,30.0,22.0
212,211,0,2,1100,200,1000,200,800,520,600,30.0,22.0
213,212,0,2,1100,200,1000,200,800,540,570,40.0,26.0
214,213,0,2,1080,200,950,160,850,380,600,30.0,22.0
215,214,0,2,1080,200,950,160,850,380,600,30.0,22.0
216,215,0,2,1080,200,950,160,850,480,600,30.0,22.0
217,216,0,2,1100,200,1000,200,800,500,600,40.0,26.0
218,217,0,2,1100,200,1000,200,800,520,600,40.0,26.0
219,218,0,2,1100,200,1000,200,800,540,600,40.0,26.0
220,219,0,2,800,200,750,200,550,300,350,40.0,26.0
221,220,0,2,1100,200,1000,200,800,370,600,40.0,30.0
222,221,0,2,1100,200,1000,200,800,410,600,40.0,30.0
223,222,0,2,1100,200,1000,200,800,480,600,40.0,30.0
224,223,0,2,1100,200,1000,200,800,530,600,40.0,30.0
225,224,0,2,1500,650,1450,600,1300,880,1080,30.0,22.0
226,225,0,2,1500,650,1450,650,1300,880,1080,33.0,22.0
227,226,0,2,1500,550,1500,500,1500,500,1080,50.0,30.0
228,227,2,4,1500,550,1500,500,1500,500,1080,130.0,100.0
229,227,15,5,1500,550,1500,500,1500,500,1080,162.5,100.0
230,228,0,2,1000,450,1000,480,800,480,670,22.0,22.0
231,229,0,2,1100,480,950,250,850,480,600,40.0,30.0
232,230,0,2,1100,480,950,250,850,480,670,40.0,30.0
233,231,0,1,600,100,600,80,530,90,360,20.0,13.5
234,232,0,1,600,100,600,80,530,90,360,20.0,13.5
235,233,0,1,600,100,600,80,530,90,360,20.0,13.5
236,234,0,1,600,80,560,90,-1,-1,360,18.0,12.5
237,237,0,1,600,80,560,90,-1,-1,360,18.0,12.5
238,235,0,1,600,80,560,90,-1,-1,360,18.0,12.5
239,238,0,1,600,80,560,90,-1,-1,360,18.0,12.5
240,236,0,1,600,80,560,90,-1,-1,360,18.0,12.5
241,239,0,1,600,80,560,90,-1,-1,360,18.0,12.5
242,240,0,1,600,80,560,90,-1,-1,360,18.0,12.5
243,241,0,1,500,60,480,50,480,80,360,18.0,14.0
244,242,0,1,500,60,480,50,450,80,360,18.0,14.0
245,243,0,1,500,60,480,50,450,90,360,18.0,14.0
246,244,0,1,500,60,480,50,450,110,360,18.0,14.0
247,245,0,1,500,60,480,50,450,160,360,18.0,14.0
248,246,0,1,500,60,480,50,450,210,360,18.0,14.0
249,247,0,1,500,60,480,50,450,240,360,18.0,14.0
250,248,0,1,500,60,480,50,450,280,360,18.0,14.0
252,249,0,1,500,60,480,50,450,300,360,18.0,14.0
