ID,INVERTER_ID,COMMUNICATION_TYPE
1,1,WIFI
2,1,RS485
3,1,LED
4,2,WIFI
5,2,RS485
6,2,LED
7,3,WIFI
8,3,RS485
9,3,LED
10,4,WIFI
11,4,RS485
12,4,LED
13,5,WIFI
14,5,RS485
15,5,LED
16,6,WIFI
17,6,RS485
18,6,LED
19,7,RS485
20,7,DISPLAY
21,7,LED
22,7,USB
23,8,RS485
24,8,DISPLAY
25,8,LED
26,8,USB
27,9,RS485
28,9,DISPLAY
29,9,LED
30,9,USB
31,10,RS485
32,10,DISPLAY
33,10,LED
34,10,USB
35,11,RS485
36,11,DISPLAY
37,11,LED
38,11,USB
39,12,RS485
40,12,DISPLAY
41,12,LED
42,12,USB
43,13,RS485
44,13,DISPLAY
45,13,LED
46,13,USB
47,14,RS485
48,14,DISPLAY
49,14,LED
50,14,USB
51,15,RS485
52,15,LED
53,15,USB
54,16,RS485
55,16,LED
56,16,USB
57,17,RS485
58,17,LED
59,17,USB
60,18,RS485
61,18,LED
62,18,USB
63,19,WIFI
64,19,RS485
65,19,LED
66,20,WIFI
67,20,RS485
68,20,LED
69,21,WIFI
70,21,RS485
71,21,LED
72,22,WIFI
73,22,RS485
74,22,LED
75,23,WIFI
76,23,RS485
77,23,LED
78,24,WIFI
79,24,RS485
80,24,LED
81,25,WIFI
82,25,RS485
83,25,LED
84,26,WIFI
85,26,RS485
86,26,LED
87,27,WIFI
88,27,RS485
89,27,LED
90,28,WIFI
91,28,RS485
92,28,LED
93,29,WIFI
94,29,RS485
95,29,LED
96,30,WIFI
97,30,RS485
98,30,LED
99,31,WIFI
100,31,RS485
101,31,LED
102,32,WIFI
103,32,RS485
104,32,LED
105,33,WIFI
106,33,RS485
107,33,LED
108,34,WIFI
109,34,RS485
110,34,LED
111,35,WIFI
112,35,RS485
113,35,LED
114,36,RS485
115,36,LED
116,36,USB
117,37,RS485
118,37,LED
119,37,USB
120,38,RS485
121,38,LED
122,38,USB
123,39,RS485
124,39,LED
125,39,USB
126,40,RS485
127,40,LED
128,40,USB
129,41,RS485
130,41,LED
131,41,USB
132,42,RS485
133,42,LED
134,42,USB
135,43,RS485
136,43,LED
137,43,USB
138,44,RS485
139,44,LED
140,44,USB
141,45,RS485
142,45,LED
143,45,USB
144,46,RS485
145,46,LED
146,46,USB
147,47,RS485
148,47,LED
149,47,USB
150,48,RS485
151,48,LED
152,48,USB
153,49,RS485
154,49,LED
155,49,USB
156,50,RS485
157,50,LED
158,50,USB
159,51,RS485
160,51,LED
161,51,USB
162,52,RS485
163,52,LED
164,52,USB
165,53,RS485
166,53,LED
167,53,USB
168,54,WIFI
169,54,RS485
170,54,DISPLAY
171,54,LED
172,55,WIFI
173,55,RS485
174,55,DISPLAY
175,55,LED
176,56,WIFI
177,56,RS485
178,56,DISPLAY
179,56,LED
180,57,WIFI
181,57,RS485
182,57,DISPLAY
183,57,LED
184,58,WIFI
185,58,RS485
186,58,DISPLAY
187,58,LED
188,59,WIFI
189,59,RS485
190,59,DISPLAY
191,59,LED
192,60,WIFI
193,60,RS485
194,60,DISPLAY
195,60,LED
196,61,WIFI
197,61,RS485
198,61,DISPLAY
199,61,LED
200,62,WIFI
201,62,RS485
202,62,DISPLAY
203,62,LED
204,63,WIFI
205,63,RS485
206,63,DISPLAY
207,63,LED
208,64,WIFI
209,64,RS485
210,64,DISPLAY
211,64,LED
212,65,WIFI
213,65,RS485
214,65,DISPLAY
215,65,LED
216,66,WIFI
217,66,RS485
218,66,DISPLAY
219,66,LED
220,67,WIFI
221,67,RS485
222,67,DISPLAY
223,67,LED
224,68,WIFI
225,68,RS485
226,68,DISPLAY
227,68,LED
228,69,WIFI
229,69,RS485
230,69,DISPLAY
231,69,LED
232,70,WIFI
233,70,RS485
234,70,DISPLAY
235,70,LED
236,71,WIFI
237,71,RS485
238,71,DISPLAY
239,71,LED
240,72,WIFI
241,72,RS485
242,72,DISPLAY
243,72,LED
244,73,WIFI
245,73,RS485
246,73,DISPLAY
247,73,LED
248,74,WIFI
249,74,RS485
250,74,DISPLAY
251,74,LED
252,75,WIFI
253,75,RS485
254,75,DISPLAY
255,75,LED
256,76,WIFI
257,76,RS485
258,76,DISPLAY
259,76,LED
260,77,WIFI
261,77,RS485
262,77,DISPLAY
263,77,LED
264,78,WIFI
265,78,RS485
266,78,DISPLAY
267,78,LED
268,79,WIFI
269,79,RS485
270,79,LED
271,80,WIFI
272,80,RS485
273,80,DISPLAY
274,80,LED
275,81,WIFI
276,81,RS485
277,81,DISPLAY
278,81,LED
279,82,WIFI
280,82,RS485
281,82,DISPLAY
282,82,LED
283,83,WIFI
284,83,RS485
285,83,DISPLAY
286,83,LED
287,84,WIFI
288,84,RS485
289,84,DISPLAY
290,84,LED
291,85,WIFI
292,85,RS485
293,85,DISPLAY
294,85,LED
295,86,WIFI
296,86,RS485
297,86,DISPLAY
298,86,LED
299,87,WIFI
300,87,RS485
301,87,DISPLAY
302,87,LED
303,88,WIFI
304,88,RS485
305,88,DISPLAY
306,88,LED
307,89,WIFI
308,89,RS485
309,89,DISPLAY
310,89,LED
311,90,WIFI
312,90,RS485
313,90,DISPLAY
314,90,LED
315,91,WIFI
316,91,RS485
317,91,DISPLAY
318,91,LED
319,92,WIFI
320,92,RS485
321,92,DISPLAY
322,92,LED
323,93,WIFI
324,93,RS485
325,93,DISPLAY
326,93,LED
327,94,WIFI
328,94,RS485
329,94,DISPLAY
330,94,LED
331,95,WIFI
332,95,RS485
333,95,DISPLAY
334,95,LED
335,96,WIFI
336,96,RS485
337,96,DISPLAY
338,96,LED
339,97,WIFI
340,97,RS485
341,97,DISPLAY
342,97,LED
343,98,WIFI
344,98,RS485
345,98,DISPLAY
346,98,LED
347,99,WIFI
348,99,RS485
349,99,DISPLAY
350,99,LED
351,100,WIFI
352,100,RS485
353,100,LED
354,101,WIFI
355,101,RS485
356,101,LED
357,102,WIFI
358,102,RS485
359,102,LED
360,103,WIFI
361,103,RS485
362,103,DISPLAY
363,103,LED
364,104,WIFI
365,104,RS485
366,104,DISPLAY
367,104,LED
368,105,WIFI
369,105,RS485
370,105,DISPLAY
371,105,LED
372,106,WIFI
373,106,RS485
374,106,DISPLAY
375,106,LED
376,107,WIFI
377,107,RS485
378,107,DISPLAY
379,107,LED
380,108,WIFI
381,108,RS485
382,108,DISPLAY
383,108,LED
384,109,WIFI
385,109,RS485
386,109,DISPLAY
387,109,LED
388,110,WIFI
389,110,RS485
390,110,DISPLAY
391,110,LED
392,111,WIFI
393,111,RS485
394,111,DISPLAY
395,111,LED
396,112,WIFI
397,112,RS485
398,112,DISPLAY
399,112,LED
400,113,WIFI
401,113,RS485
402,113,DISPLAY
403,113,LED
404,114,WIFI
405,114,RS485
406,114,DISPLAY
407,114,LED
408,115,WIFI
409,115,RS485
410,115,DISPLAY
411,115,LED
412,116,WIFI
413,116,RS485
414,116,DISPLAY
415,116,LED
416,117,WIFI
417,117,RS485
418,117,DISPLAY
419,117,LED
420,118,WIFI
421,118,LED
422,119,WIFI
423,119,LED
424,120,WIFI
425,120,LED
426,121,WIFI
427,121,LED
428,122,WIFI
429,122,RS485
430,122,DISPLAY
431,122,LED
432,123,WIFI
433,123,RS485
434,123,DISPLAY
435,123,LED
436,124,WIFI
437,124,RS485
438,124,DISPLAY
439,124,LED
440,125,WIFI
441,125,RS485
442,125,DISPLAY
443,125,LED
444,126,WIFI
445,126,RS485
446,126,DISPLAY
447,126,LED
448,126,USB
449,127,WIFI
450,127,RS485
451,127,DISPLAY
452,127,LED
453,127,USB
454,128,WIFI
455,128,RS485
456,128,DISPLAY
457,128,LED
458,128,USB
459,129,WIFI
460,129,RS485
461,129,DISPLAY
462,129,LED
463,129,USB
464,130,WIFI
465,130,RS485
466,130,DISPLAY
467,130,LED
468,130,USB
469,131,WIFI
470,131,RS485
471,131,DISPLAY
472,131,LED
473,131,USB
474,132,WIFI
475,132,RS485
476,132,DISPLAY
477,132,LED
478,132,USB
479,133,WIFI
480,133,RS485
481,133,DISPLAY
482,133,LED
483,133,USB
484,134,WIFI
485,134,RS485
486,134,DISPLAY
487,134,LED
488,134,USB
489,135,WIFI
490,135,RS485
491,135,DISPLAY
492,135,LED
493,135,USB
494,136,WIFI
495,136,RS485
496,136,DISPLAY
497,136,LED
498,136,USB
499,137,WIFI
500,137,RS485
501,137,DISPLAY
502,137,LED
503,137,USB
504,138,WIFI
505,138,RS485
506,138,DISPLAY
507,138,LED
508,138,USB
509,139,WIFI
510,139,RS485
511,139,DISPLAY
512,139,LED
513,139,USB
514,140,WIFI
515,140,RS485
516,140,DISPLAY
517,140,LED
518,140,USB
519,141,WIFI
520,141,RS485
521,141,DISPLAY
522,141,LED
523,141,USB
524,142,WIFI
525,142,RS485
526,142,DISPLAY
527,142,LED
528,142,USB
529,143,WIFI
530,143,RS485
531,143,DISPLAY
532,143,LED
533,143,USB
534,144,WIFI
535,144,RS485
536,144,DISPLAY
537,144,LED
538,144,USB
539,145,WIFI
540,145,RS485
541,145,DISPLAY
542,145,LED
543,145,USB
544,146,WIFI
545,146,RS485
546,146,DISPLAY
547,146,LED
548,146,USB
549,147,WIFI
550,147,RS485
551,147,DISPLAY
552,147,LED
553,147,USB
554,148,WIFI
555,148,RS485
556,148,DISPLAY
557,148,LED
558,148,USB
559,149,WIFI
560,149,RS485
561,149,DISPLAY
562,149,LED
563,149,USB
564,150,WIFI
565,150,RS485
566,150,DISPLAY
567,150,LED
568,150,USB
569,151,WIFI
570,151,RS485
571,151,DISPLAY
572,151,LED
573,151,USB
574,152,WIFI
575,152,RS485
576,152,DISPLAY
577,152,LED
578,152,USB
579,153,WIFI
580,153,RS485
581,153,DISPLAY
582,153,LED
583,153,USB
584,154,WIFI
585,154,RS485
586,154,DISPLAY
587,154,LED
588,154,USB
589,155,WIFI
590,155,RS485
591,155,DISPLAY
592,155,LED
593,155,USB
594,156,WIFI
595,156,RS485
596,156,DISPLAY
597,156,LED
598,156,USB
599,157,WIFI
600,157,RS485
601,157,LED
602,158,WIFI
603,158,RS485
604,158,LED
605,159,WIFI
606,159,RS485
607,159,LED
608,160,WIFI
609,160,RS485
610,160,LED
611,161,WIFI
612,161,RS485
613,161,LED
614,162,WIFI
615,162,RS485
616,162,LED
617,163,WIFI
618,163,RS485
619,163,LED
620,164,WIFI
621,164,RS485
622,164,LED
623,165,WIFI
624,165,RS485
625,165,LED
626,166,WIFI
627,166,RS485
628,166,LED
629,167,WIFI
630,167,RS485
631,167,LED
632,168,WIFI
633,168,RS485
634,168,LED
635,169,WIFI
636,169,RS485
637,169,LED
638,170,WIFI
639,170,RS485
640,170,LED
641,171,WIFI
642,171,RS485
643,171,LED
644,172,WIFI
645,172,RS485
646,172,LED
647,173,WIFI
648,173,RS485
649,173,LED
650,174,WIFI
651,174,RS485
652,174,LED
653,175,WIFI
654,175,RS485
655,175,DISPLAY
656,175,LED
657,176,WIFI
658,176,RS485
659,176,DISPLAY
660,176,LED
661,177,WIFI
662,177,RS485
663,177,DISPLAY
664,177,LED
665,178,WIFI
666,178,RS485
667,178,DISPLAY
668,178,LED
669,179,WIFI
670,179,RS485
671,179,LED
672,180,WIFI
673,180,RS485
674,180,LED
675,181,WIFI
676,181,RS485
677,181,DISPLAY
678,181,LED
679,182,WIFI
680,182,RS485
681,182,DISPLAY
682,182,LED
683,183,WIFI
684,183,RS485
685,183,DISPLAY
686,183,LED
687,184,WIFI
688,184,RS485
689,184,DISPLAY
690,184,LED
691,185,WIFI
692,185,RS485
693,185,LED
694,186,WIFI
695,186,RS485
696,186,LED
697,187,WIFI
698,187,RS485
699,187,LED
700,188,WIFI
701,188,RS485
702,188,LED
703,188,USB
704,189,WIFI
705,189,RS485
706,189,LED
707,189,USB
708,190,WIFI
709,190,RS485
710,190,LED
711,190,USB
712,191,WIFI
713,191,RS485
714,191,LED
715,191,USB
716,192,WIFI
717,192,RS485
718,192,LED
719,192,USB
720,193,WIFI
721,193,RS485
722,193,DISPLAY
723,193,LED
724,193,USB
725,194,WIFI
726,194,RS485
727,194,DISPLAY
728,194,LED
729,194,USB
730,195,WIFI
731,195,RS485
732,195,DISPLAY
733,195,LED
734,195,USB
735,196,WIFI
736,196,RS485
737,196,DISPLAY
738,196,LED
739,196,USB
740,197,WIFI
741,197,RS485
742,197,DISPLAY
743,197,LED
744,197,USB
745,198,WIFI
746,198,RS485
747,198,DISPLAY
748,198,LED
749,198,USB
750,199,WIFI
751,199,RS485
752,199,LED
753,200,WIFI
754,200,RS485
755,200,LED
756,201,RS485
757,201,LED
758,201,USB
759,202,RS485
760,202,LED
761,202,USB
762,203,RS485
763,203,LED
764,203,USB
765,204,WIFI
766,204,RS485
767,204,LED
768,205,WIFI
769,205,RS485
770,205,LED
771,206,WIFI
772,206,RS485
773,206,LED
774,207,RS485
775,207,LED
776,207,USB
777,208,RS485
778,208,LED
779,208,USB
780,209,RS485
781,209,LED
782,209,USB
783,210,RS485
784,210,LED
785,210,USB
786,211,RS485
787,211,LED
788,211,USB
789,212,RS485
790,212,LED
791,212,USB
792,213,WIFI
793,213,RS485
794,213,LED
795,214,WIFI
796,214,RS485
797,214,LED
798,215,WIFI
799,215,RS485
800,215,LED
801,216,WIFI
802,216,RS485
803,216,LED
804,217,WIFI
805,217,RS485
806,217,LED
807,218,WIFI
808,218,RS485
809,218,LED
810,219,WIFI
811,219,RS485
812,219,LED
813,220,WIFI
814,220,RS485
815,220,LED
816,221,WIFI
817,221,RS485
818,221,LED
819,222,WIFI
820,222,RS485
821,222,LED
822,223,WIFI
823,223,RS485
824,223,LED
825,224,WIFI
826,224,RS485
827,224,LED
828,224,USB
829,225,WIFI
830,225,RS485
831,225,LED
832,225,USB
833,226,WIFI
834,226,RS485
835,226,LED
836,226,USB
837,227,WIFI
838,227,RS485
839,227,LED
840,227,USB
841,228,RS485
842,228,DISPLAY
843,228,LED
844,229,RS485
845,229,DISPLAY
846,229,LED
847,230,RS485
848,230,DISPLAY
849,230,LED
852,231,RS485
853,231,WIFI
854,231,LED
855,232,LED
856,232,RS485
857,232,WIFI
858,233,WIFI
859,233,LED
860,233,RS485
861,234,RS485
862,234,LED
863,234,WIFI
864,237,WIFI
865,237,RS485
866,237,LED
867,235,LED
868,235,RS485
869,235,WIFI
870,238,WIFI
871,238,LED
872,238,RS485
873,239,RS485
874,239,LED
875,239,WIFI
876,240,WIFI
877,240,RS485
878,240,LED
879,244,DISPLAY
880,244,RS485
881,244,LED
882,244,WIFI
883,245,WIFI
884,245,LED
885,245,DISPLAY
886,245,RS485
887,246,RS485
888,246,WIFI
889,246,DISPLAY
890,246,LED
891,247,LED
892,247,WIFI
893,247,RS485
894,247,DISPLAY
895,248,DISPLAY
896,248,RS485
897,248,LED
898,248,WIFI
899,241,WIFI
900,241,DISPLAY
901,241,RS485
902,241,LED
903,242,LED
904,242,DISPLAY
905,242,RS485
906,242,WIFI
907,243,WIFI
908,243,LED
909,243,DISPLAY
910,243,RS485
