ID,INVERTER_ID,OUTPUT_MODE
1,1,SINGLE_PHASE
2,2,SINGLE_PHASE
3,3,SINGLE_PHASE
4,4,SINGLE_PHASE
5,5,SINGLE_PHASE
6,6,SINGLE_PHASE
7,7,THREE_PHASE_FOUR_WIRE
8,8,THREE_PHASE_FOUR_WIRE
9,9,THREE_PHASE_FOUR_WIRE
10,10,THREE_PHASE_FOUR_WIRE
11,11,THREE_PHASE_FOUR_WIRE
12,12,THREE_PHASE_FOUR_WIRE
13,13,THREE_PHASE_FOUR_WIRE
14,14,THREE_PHASE_THREE_WIRE
15,15,THREE_PHASE_THREE_WIRE
16,15,THREE_PHASE_FOUR_WIRE
17,16,THREE_PHASE_THREE_WIRE
18,16,THREE_PHASE_FOUR_WIRE
19,17,THREE_PHASE_THREE_WIRE
20,17,THREE_PHASE_FOUR_WIRE
21,18,THREE_PHASE_THREE_WIRE
22,19,THREE_PHASE_THREE_WIRE
23,19,THREE_PHASE_FOUR_WIRE
24,20,THREE_PHASE_THREE_WIRE
25,20,THREE_PHASE_FOUR_WIRE
26,21,THREE_PHASE_THREE_WIRE
27,21,THREE_PHASE_FOUR_WIRE
28,22,THREE_PHASE_THREE_WIRE
29,22,THREE_PHASE_FOUR_WIRE
30,23,THREE_PHASE_THREE_WIRE
31,23,THREE_PHASE_FOUR_WIRE
32,24,THREE_PHASE_THREE_WIRE
33,24,THREE_PHASE_FOUR_WIRE
34,25,THREE_PHASE_THREE_WIRE
35,25,THREE_PHASE_FOUR_WIRE
36,26,THREE_PHASE_THREE_WIRE
37,26,THREE_PHASE_FOUR_WIRE
38,27,THREE_PHASE_THREE_WIRE
39,27,THREE_PHASE_FOUR_WIRE
40,28,THREE_PHASE_THREE_WIRE
41,28,THREE_PHASE_FOUR_WIRE
42,29,THREE_PHASE_THREE_WIRE
43,29,THREE_PHASE_FOUR_WIRE
44,30,THREE_PHASE_THREE_WIRE
45,30,THREE_PHASE_FOUR_WIRE
46,31,THREE_PHASE_FOUR_WIRE
47,32,THREE_PHASE_FOUR_WIRE
48,33,THREE_PHASE_FOUR_WIRE
49,34,THREE_PHASE_FOUR_WIRE
50,35,THREE_PHASE_FOUR_WIRE
51,36,THREE_PHASE_THREE_WIRE
52,36,THREE_PHASE_FOUR_WIRE
53,37,THREE_PHASE_THREE_WIRE
54,37,THREE_PHASE_FOUR_WIRE
55,38,THREE_PHASE_THREE_WIRE
56,38,THREE_PHASE_FOUR_WIRE
57,39,THREE_PHASE_THREE_WIRE
58,39,THREE_PHASE_FOUR_WIRE
59,40,THREE_PHASE_THREE_WIRE
60,40,THREE_PHASE_FOUR_WIRE
61,41,THREE_PHASE_THREE_WIRE
62,41,THREE_PHASE_FOUR_WIRE
63,42,THREE_PHASE_THREE_WIRE
64,43,THREE_PHASE_THREE_WIRE
65,43,THREE_PHASE_FOUR_WIRE
66,44,THREE_PHASE_THREE_WIRE
67,45,THREE_PHASE_THREE_WIRE
68,46,THREE_PHASE_THREE_WIRE
69,47,THREE_PHASE_THREE_WIRE
70,48,THREE_PHASE_THREE_WIRE
71,49,THREE_PHASE_THREE_WIRE
72,50,THREE_PHASE_THREE_WIRE
73,51,THREE_PHASE_THREE_WIRE
74,52,THREE_PHASE_THREE_WIRE
75,53,THREE_PHASE_THREE_WIRE
76,54,SINGLE_PHASE
77,55,SINGLE_PHASE
78,56,SINGLE_PHASE
79,57,SINGLE_PHASE
80,58,SINGLE_PHASE
81,59,SINGLE_PHASE
82,60,SINGLE_PHASE
83,61,SINGLE_PHASE
84,62,SINGLE_PHASE
85,63,SINGLE_PHASE
86,64,SINGLE_PHASE
87,65,SINGLE_PHASE
88,66,SINGLE_PHASE
89,67,SINGLE_PHASE
90,68,SINGLE_PHASE
91,69,SINGLE_PHASE
92,70,SINGLE_PHASE
93,71,SINGLE_PHASE
94,72,SINGLE_PHASE
95,73,SINGLE_PHASE
96,74,SINGLE_PHASE
97,75,SINGLE_PHASE
98,76,SINGLE_PHASE
99,77,SINGLE_PHASE
100,78,SINGLE_PHASE
101,79,THREE_PHASE_THREE_WIRE
102,79,THREE_PHASE_FOUR_WIRE
103,80,SINGLE_PHASE
104,81,SINGLE_PHASE
105,82,SINGLE_PHASE
106,83,SINGLE_PHASE
107,84,SINGLE_PHASE
108,85,THREE_PHASE_FOUR_WIRE
109,86,THREE_PHASE_FOUR_WIRE
110,87,THREE_PHASE_FOUR_WIRE
111,88,THREE_PHASE_FOUR_WIRE
112,89,THREE_PHASE_FOUR_WIRE
113,90,THREE_PHASE_FOUR_WIRE
114,91,THREE_PHASE_FOUR_WIRE
115,92,THREE_PHASE_FOUR_WIRE
116,93,THREE_PHASE_FOUR_WIRE
117,94,THREE_PHASE_FOUR_WIRE
118,95,THREE_PHASE_FOUR_WIRE
119,96,THREE_PHASE_FOUR_WIRE
120,97,THREE_PHASE_FOUR_WIRE
121,98,THREE_PHASE_FOUR_WIRE
122,99,THREE_PHASE_FOUR_WIRE
123,100,THREE_PHASE_FOUR_WIRE
124,101,THREE_PHASE_FOUR_WIRE
125,102,THREE_PHASE_FOUR_WIRE
126,103,SINGLE_PHASE
127,104,SINGLE_PHASE
128,105,SINGLE_PHASE
129,106,SINGLE_PHASE
130,107,SINGLE_PHASE
131,108,SINGLE_PHASE
132,109,SINGLE_PHASE
133,110,SINGLE_PHASE
134,111,SINGLE_PHASE
135,112,THREE_PHASE_FOUR_WIRE
136,113,THREE_PHASE_FOUR_WIRE
137,114,THREE_PHASE_FOUR_WIRE
138,115,THREE_PHASE_THREE_WIRE
139,115,THREE_PHASE_FOUR_WIRE
140,116,THREE_PHASE_THREE_WIRE
141,116,THREE_PHASE_FOUR_WIRE
142,117,THREE_PHASE_THREE_WIRE
143,117,THREE_PHASE_FOUR_WIRE
144,118,SINGLE_PHASE
145,119,SINGLE_PHASE
146,120,SINGLE_PHASE
147,121,SINGLE_PHASE
148,122,SINGLE_PHASE
149,123,SINGLE_PHASE
150,124,SINGLE_PHASE
151,125,SINGLE_PHASE
152,126,SINGLE_PHASE
153,127,SINGLE_PHASE
154,128,SINGLE_PHASE
155,129,SINGLE_PHASE
156,130,SINGLE_PHASE
157,131,SINGLE_PHASE
158,132,SINGLE_PHASE
159,133,SINGLE_PHASE
160,134,SINGLE_PHASE
161,135,SINGLE_PHASE
162,136,SINGLE_PHASE
163,137,SINGLE_PHASE
164,138,SINGLE_PHASE
165,139,SINGLE_PHASE
166,140,SINGLE_PHASE
167,141,SINGLE_PHASE
168,142,SINGLE_PHASE
169,143,SINGLE_PHASE
170,144,SINGLE_PHASE
171,145,SINGLE_PHASE
172,146,SINGLE_PHASE
173,147,SINGLE_PHASE
174,148,SINGLE_PHASE
175,149,SINGLE_PHASE
176,150,SINGLE_PHASE
177,151,SINGLE_PHASE
178,152,SINGLE_PHASE
179,153,SINGLE_PHASE
180,154,SINGLE_PHASE
181,155,SINGLE_PHASE
182,156,SINGLE_PHASE
183,157,SINGLE_PHASE
184,158,SINGLE_PHASE
185,159,SINGLE_PHASE
186,160,SINGLE_PHASE
187,161,SINGLE_PHASE
188,162,SINGLE_PHASE
189,163,SINGLE_PHASE
190,164,SINGLE_PHASE
191,165,SINGLE_PHASE
192,166,SINGLE_PHASE
193,167,SINGLE_PHASE
194,168,SINGLE_PHASE
195,169,SINGLE_PHASE
196,170,SINGLE_PHASE
197,171,SINGLE_PHASE
198,172,SINGLE_PHASE
199,173,SINGLE_PHASE
200,174,THREE_PHASE_FOUR_WIRE
201,175,THREE_PHASE_FOUR_WIRE
202,176,THREE_PHASE_FOUR_WIRE
203,177,THREE_PHASE_FOUR_WIRE
204,178,THREE_PHASE_FOUR_WIRE
205,179,THREE_PHASE_FOUR_WIRE
206,180,THREE_PHASE_FOUR_WIRE
207,181,THREE_PHASE_FOUR_WIRE
208,182,THREE_PHASE_FOUR_WIRE
209,183,THREE_PHASE_FOUR_WIRE
210,184,THREE_PHASE_FOUR_WIRE
211,185,THREE_PHASE_FOUR_WIRE
212,186,THREE_PHASE_FOUR_WIRE
213,187,THREE_PHASE_FOUR_WIRE
214,188,THREE_PHASE_FOUR_WIRE
215,189,THREE_PHASE_FOUR_WIRE
216,190,THREE_PHASE_FOUR_WIRE
217,191,THREE_PHASE_FOUR_WIRE
218,192,THREE_PHASE_FOUR_WIRE
219,193,THREE_PHASE_FOUR_WIRE
220,194,THREE_PHASE_FOUR_WIRE
221,195,THREE_PHASE_FOUR_WIRE
222,196,THREE_PHASE_FOUR_WIRE
223,197,THREE_PHASE_FOUR_WIRE
224,198,THREE_PHASE_FOUR_WIRE
225,199,THREE_PHASE_FOUR_WIRE
226,200,THREE_PHASE_FOUR_WIRE
227,201,THREE_PHASE_THREE_WIRE
228,201,THREE_PHASE_FOUR_WIRE
229,202,THREE_PHASE_THREE_WIRE
230,202,THREE_PHASE_FOUR_WIRE
231,203,THREE_PHASE_THREE_WIRE
232,204,THREE_PHASE_THREE_WIRE
233,204,THREE_PHASE_FOUR_WIRE
234,205,THREE_PHASE_THREE_WIRE
235,205,THREE_PHASE_FOUR_WIRE
236,206,THREE_PHASE_THREE_WIRE
237,206,THREE_PHASE_FOUR_WIRE
238,207,THREE_PHASE_THREE_WIRE
239,207,THREE_PHASE_FOUR_WIRE
240,208,THREE_PHASE_THREE_WIRE
241,208,THREE_PHASE_FOUR_WIRE
242,209,THREE_PHASE_THREE_WIRE
243,209,THREE_PHASE_FOUR_WIRE
244,210,THREE_PHASE_THREE_WIRE
245,210,THREE_PHASE_FOUR_WIRE
246,211,THREE_PHASE_THREE_WIRE
247,211,THREE_PHASE_FOUR_WIRE
248,212,THREE_PHASE_THREE_WIRE
249,212,THREE_PHASE_FOUR_WIRE
250,213,THREE_PHASE_THREE_WIRE
251,213,THREE_PHASE_FOUR_WIRE
252,214,THREE_PHASE_THREE_WIRE
253,214,THREE_PHASE_FOUR_WIRE
254,215,THREE_PHASE_THREE_WIRE
255,215,THREE_PHASE_FOUR_WIRE
256,216,THREE_PHASE_FOUR_WIRE
257,217,THREE_PHASE_FOUR_WIRE
258,218,THREE_PHASE_FOUR_WIRE
259,219,THREE_PHASE_FOUR_WIRE
260,220,THREE_PHASE_FOUR_WIRE
261,221,THREE_PHASE_FOUR_WIRE
262,222,THREE_PHASE_FOUR_WIRE
263,223,THREE_PHASE_FOUR_WIRE
264,224,THREE_PHASE_THREE_WIRE
265,225,THREE_PHASE_THREE_WIRE
266,226,THREE_PHASE_THREE_WIRE
267,227,THREE_PHASE_THREE_WIRE
268,228,THREE_PHASE_FOUR_WIRE
269,229,THREE_PHASE_FOUR_WIRE
270,230,THREE_PHASE_FOUR_WIRE
271,231,SINGLE_PHASE
272,232,SINGLE_PHASE
273,233,SINGLE_PHASE
274,234,SINGLE_PHASE
275,237,SINGLE_PHASE
276,235,SINGLE_PHASE
277,238,SINGLE_PHASE
278,239,SINGLE_PHASE
279,240,SINGLE_PHASE
280,244,SINGLE_PHASE
281,245,SINGLE_PHASE
282,246,SINGLE_PHASE
283,247,SINGLE_PHASE
284,248,SINGLE_PHASE
285,249,SINGLE_PHASE
286,241,SINGLE_PHASE
287,242,SINGLE_PHASE
288,243,SINGLE_PHASE
