ID,MODEL,MANUFACTURER_ID,DIM_WIDTH,DIM_HEIGHT,DIM_DEPTH,DIM_WEIGHT,MAX_OPERATING_TEMPERATURE,MIN_OPERATING_TEMPERATURE,COOLING_MODE,PROTECTION_DEGREE,TOPOLOGY,RATED_ACTIVE_POWER,MAX_ACTIVE_POWER,RATED_OUTPUT_VOLTAGE,RATED_OUTPUT_CURRENT,MAX_OUTPUT_CURRENT,OVERLOAD,NUMBER_OF_TRACKERS,NUMBER_OF_INPUTS,ACTIVE
1,SUN2000L-2KTL,2,375.0,375.0,149.5,11.6,60,-30,CONVECÇÃO NATURAL,IP65,TRANSFORMERLESS,2000,2200,220.0,10.0,10.0,50,2,2,0
2,SUN2000L-3KTL,2,375.0,375.0,149.5,11.6,60,-30,CONVECÇÃO NATURAL,IP65,TRANSFORMERLESS,3000,3300,220.0,15.0,15.0,50,2,2,0
3,SUN2000L-3.68KTL,2,375.0,375.0,149.5,11.6,60,-30,CONVECÇÃO NATURAL,IP65,TRANSFORMERLESS,3680,3680,220.0,16.0,16.0,50,2,2,0
4,SUN2000L-4KTL,2,375.0,375.0,149.5,11.6,60,-30,CONVECÇÃO NATURAL,IP65,TRANSFORMERLESS,4000,4400,220.0,20.0,20.0,50,2,2,0
5,SUN2000L-4.6KTL,2,375.0,375.0,149.5,11.6,60,-30,CONVECÇÃO NATURAL,IP65,TRANSFORMERLESS,4600,5000,220.0,23.0,23.0,50,2,2,0
6,SUN2000L-5KTL,2,375.0,375.0,149.5,11.6,60,-30,CONVECÇÃO NATURAL,IP65,TRANSFORMERLESS,5000,5500,220.0,25.0,25.0,50,2,2,0
7,SUN2000-8KTL,2,520.0,610.0,266.0,42.0,60,-25,CONVECÇÃO NATURAL,IP65,TRANSFORMERLESS,8000,8800,380.0,13.4,13.4,50,2,4,0
8,SUN2000-10KTL,2,520.0,610.0,266.0,42.0,60,-25,CONVECÇÃO NATURAL,IP65,TRANSFORMERLESS,10000,11000,380.0,17.0,17.0,50,2,4,0
9,SUN2000-12KTL,2,520.0,610.0,266.0,42.0,60,-25,CONVECÇÃO NATURAL,IP65,TRANSFORMERLESS,12000,13200,380.0,20.0,20.0,50,2,4,0
10,SUN2000-15KTL,2,520.0,610.0,266.0,50.0,60,-25,CONVECÇÃO NATURAL,IP65,TRANSFORMERLESS,15000,16500,380.0,25.2,25.2,50,3,6,0
11,SUN2000-17KTL,2,520.0,610.0,266.0,50.0,60,-25,CONVECÇÃO NATURAL,IP65,TRANSFORMERLESS,17000,18700,380.0,28.5,28.5,50,3,6,0
12,SUN2000-20KTL,2,520.0,610.0,266.0,50.0,60,-25,CONVECÇÃO NATURAL,IP65,TRANSFORMERLESS,20000,22000,380.0,33.5,33.5,50,3,6,0
13,SUN2000-23KTL,2,520.0,610.0,266.0,50.0,60,-25,CONVECÇÃO NATURAL,IP65,TRANSFORMERLESS,23000,23000,380.0,33.5,33.5,50,3,6,0
14,SUN2000-28KTL,2,520.0,610.0,266.0,50.0,60,-25,CONVECÇÃO NATURAL,IP65,TRANSFORMERLESS,27500,27500,480.0,33.5,33.5,50,3,6,0
15,SUN2000-29.9KTL,2,930.0,550.0,283.0,62.0,60,-25,CONVECÇÃO NATURAL,IP65,TRANSFORMERLESS,29900,29900,380.0,43.2,43.2,50,4,8,0
16,SUN2000-33KTL-A,2,930.0,550.0,283.0,62.0,60,-25,CONVECÇÃO NATURAL,IP65,TRANSFORMERLESS,30000,33000,380.0,48.0,48.0,50,4,8,0
17,SUN2000-36KTL,2,930.0,550.0,283.0,62.0,60,-25,CONVECÇÃO NATURAL,IP65,TRANSFORMERLESS,36000,40000,380.0,60.8,60.8,50,4,8,0
18,SUN2000-42KTL,2,930.0,550.0,283.0,62.0,60,-25,CONVECÇÃO NATURAL,IP65,TRANSFORMERLESS,42000,47000,480.0,56.6,56.6,50,4,8,0
19,SUN2000-8KTL-M0,2,525.0,470.0,262.0,25.0,60,-25,CONVECÇÃO NATURAL,IP65,TRANSFORMERLESS,8000,8800,380.0,12.8,13.4,50,2,4,0
20,SUN2000-10KTL-M0,2,525.0,470.0,262.0,25.0,60,-25,CONVECÇÃO NATURAL,IP65,TRANSFORMERLESS,10000,11000,380.0,15.9,17.0,50,2,4,0
21,SUN2000-12KTL-M0,2,525.0,470.0,262.0,25.0,60,-25,CONVECÇÃO NATURAL,IP65,TRANSFORMERLESS,12000,13200,380.0,18.2,20.0,50,2,4,0
22,SUN2000-15KTL-M0,2,525.0,470.0,262.0,25.0,60,-25,CONVECÇÃO NATURAL,IP65,TRANSFORMERLESS,15000,16500,380.0,22.8,25.2,50,2,4,0
23,SUN2000-17KTL-M0,2,525.0,470.0,262.0,25.0,60,-25,CONVECÇÃO NATURAL,IP65,TRANSFORMERLESS,17000,18700,380.0,25.8,28.5,50,2,4,0
24,SUN2000-20KTL-M0,2,525.0,470.0,262.0,25.0,60,-25,CONVECÇÃO NATURAL,IP65,TRANSFORMERLESS,20000,22000,380.0,30.4,33.5,50,2,4,0
25,SUN2000-8KTL-M2,2,525.0,470.0,262.0,25.0,60,-25,CONVECÇÃO NATURAL,IP65,TRANSFORMERLESS,8000,8800,380.0,12.8,13.4,50,2,4,0
26,SUN2000-10KTL-M2,2,525.0,470.0,262.0,25.0,60,-25,CONVECÇÃO NATURAL,IP65,TRANSFORMERLESS,10000,11000,380.0,15.9,17.0,50,2,4,0
27,SUN2000-12KTL-M2,2,525.0,470.0,262.0,25.0,60,-25,CONVECÇÃO NATURAL,IP65,TRANSFORMERLESS,12000,13200,380.0,18.2,20.0,50,2,4,0
28,SUN2000-15KTL-M2,2,525.0,470.0,262.0,25.0,60,-25,CONVECÇÃO NATURAL,IP65,TRANSFORMERLESS,15000,16500,380.0,22.8,25.5,50,2,4,0
29,SUN2000-17KTL-M2,2,525.0,470.0,262.0,25.0,60,-25,CONVECÇÃO NATURAL,IP65,TRANSFORMERLESS,17000,18700,380.0,25.8,28.5,50,2,4,0
30,SUN2000-20KTL-M2,2,525.0,470.0,262.0,25.0,60,-25,CONVECÇÃO NATURAL,IP65,TRANSFORMERLESS,20000,22000,380.0,30.4,33.5,50,2,4,0
31,SUN2000-20KTL-M3,2,640.0,530.0,270.0,43.0,60,-25,CONVECÇÃO NATURAL,IP66,TRANSFORMERLESS,20000,22000,220.0,52.5,58.0,50,4,8,0
32,SUN2000-29.9KTL-M3,2,640.0,530.0,270.0,43.0,60,-25,CONVECÇÃO NATURAL,IP66,TRANSFORMERLESS,29900,29900,380.0,43.2,43.2,50,4,8,0
33,SUN2000-30KTL-M3,2,640.0,530.0,270.0,43.0,60,-25,CONVECÇÃO NATURAL,IP66,TRANSFORMERLESS,30000,33000,380.0,45.6,50.4,50,4,8,0
34,SUN2000-36KTL-M3,2,640.0,530.0,270.0,43.0,60,-25,CONVECÇÃO NATURAL,IP66,TRANSFORMERLESS,36000,40000,380.0,54.7,61.1,50,4,8,0
35,SUN2000-40KTL-M3,2,640.0,530.0,270.0,43.0,60,-25,CONVECÇÃO NATURAL,IP66,TRANSFORMERLESS,40000,44000,380.0,60.8,67.2,50,4,8,0
36,SUN2000-50KTL-M0,2,1075.0,555.0,300.0,74.0,60,-25,CONVECÇÃO NATURAL,IP65,TRANSFORMERLESS,50000,55000,380.0,76.0,83.6,50,6,12,0
37,SUN2000-60KTL-M0,2,1075.0,555.0,300.0,74.0,60,-25,CONVECÇÃO NATURAL,IP65,TRANSFORMERLESS,60000,66000,380.0,91.2,100.0,50,6,12,0
38,SUN2000-65KTL-M0,2,1075.0,555.0,300.0,72.0,60,-25,CONVECÇÃO NATURAL,IP65,TRANSFORMERLESS,65000,72000,480.0,78.2,86.7,50,6,12,0
39,SUN2000-75KTL-M1,2,1035.0,700.0,365.0,90.0,60,-25,COOLER,IP66,TRANSFORMERLESS,75000,75000,380.0,113.6,113.6,50,10,20,0
40,SUN2000-100KTL-M0,2,1035.0,700.0,365.0,90.0,60,-25,COOLER,IP66,TRANSFORMERLESS,100000,110000,380.0,152.0,168.8,50,10,20,0
41,SUN2000-110KTL-M0,2,1035.0,700.0,365.0,90.0,60,-25,COOLER,IP66,TRANSFORMERLESS,110000,121000,380.0,167.2,185.7,50,10,20,0
42,SUN2000-125KTL-M0,2,1035.0,700.0,365.0,81.0,60,-25,COOLER,IP66,TRANSFORMERLESS,125000,137500,480.0,144.4,160.4,50,10,20,0
43,SUN2000-100KTL-M1,2,1035.0,700.0,365.0,90.0,60,-25,COOLER,IP66,TRANSFORMERLESS,100000,110000,380.0,152.0,168.8,50,10,20,0
44,SUN2000-90KTL-H0,2,1075.0,605.0,310.0,76.0,60,-25,CONVECÇÃO NATURAL,IP65,TRANSFORMERLESS,90000,100000,800.0,65.0,72.9,50,6,12,0
45,SUN2000-90KTL-H1,2,1075.0,605.0,310.0,76.0,60,-25,CONVECÇÃO NATURAL,IP65,TRANSFORMERLESS,90000,100000,800.0,65.0,72.9,50,6,12,0
46,SUN2000-90KTL-H2,2,1075.0,605.0,310.0,76.0,60,-25,CONVECÇÃO NATURAL,IP65,TRANSFORMERLESS,90000,100000,800.0,65.0,72.9,50,6,12,0
47,SUN2000-100KTL-H0,2,1075.0,605.0,310.0,76.0,60,-25,CONVECÇÃO NATURAL,IP65,TRANSFORMERLESS,100000,110000,800.0,72.2,80.2,50,6,12,0
48,SUN2000-100KTL-H1,2,1075.0,605.0,310.0,76.0,60,-25,CONVECÇÃO NATURAL,IP65,TRANSFORMERLESS,100000,105000,800.0,72.2,80.2,50,6,12,0
49,SUN2000-100KTL-H2,2,1075.0,605.0,310.0,79.0,60,-25,CONVECÇÃO NATURAL,IP65,TRANSFORMERLESS,100000,110000,800.0,72.2,80.2,50,6,12,0
50,SUN2000-105KTL-H1,2,1075.0,605.0,310.0,79.0,60,-25,CONVECÇÃO NATURAL,IP65,TRANSFORMERLESS,105000,116000,800.0,75.8,84.6,50,6,12,0
51,SUN2000-196KTL-H0,2,1035.0,700.0,365.0,84.0,60,-25,COOLER,IP66,TRANSFORMERLESS,196000,216000,800.0,141.5,155.9,50,9,18,0
52,SUN2000-200KTL-H2,2,1035.0,700.0,365.0,86.0,60,-25,COOLER,IP66,TRANSFORMERLESS,185000,215000,800.0,133.6,155.2,50,9,18,0
53,SUN2000-215KTL-H0,2,1035.0,700.0,365.0,86.0,60,-25,COOLER,IP66,TRANSFORMERLESS,200000,215000,800.0,144.4,155.2,50,9,18,0
54,GW700-XS,4,295.0,230.0,113.0,5.8,60,-25,CONVECÇÃO NATURAL,IP65,TRANSFORMERLESS,700,770,220.0,3.0,3.5,50,1,1,0
55,GW1000-XS,4,295.0,230.0,113.0,5.8,60,-25,CONVECÇÃO NATURAL,IP65,TRANSFORMERLESS,1000,1100,220.0,4.3,4.8,50,1,1,0
56,GW1500-XS,4,295.0,230.0,113.0,5.8,60,-25,CONVECÇÃO NATURAL,IP65,TRANSFORMERLESS,1500,1650,220.0,6.5,7.2,50,1,1,0
57,GW2000-XS,4,295.0,230.0,113.0,5.8,60,-25,CONVECÇÃO NATURAL,IP65,TRANSFORMERLESS,2000,2200,220.0,8.7,9.6,50,1,1,0
58,GW2500-XS,4,295.0,230.0,113.0,5.8,60,-25,CONVECÇÃO NATURAL,IP65,TRANSFORMERLESS,2500,2750,220.0,10.9,12.0,50,1,1,0
59,GW3000-XS,4,295.0,230.0,113.0,5.8,60,-25,CONVECÇÃO NATURAL,IP65,TRANSFORMERLESS,3000,3300,220.0,13.0,14.3,50,1,1,0
60,GW3300-XS,4,295.0,230.0,113.0,5.8,60,-25,CONVECÇÃO NATURAL,IP65,TRANSFORMERLESS,3300,3300,220.0,14.3,14.3,50,1,1,0
61,GW2500N-XS,4,295.0,230.0,113.0,5.8,60,-25,CONVECÇÃO NATURAL,IP65,TRANSFORMERLESS,2500,2750,220.0,11.4,12.0,50,1,1,0
62,GW3000N-XS,4,295.0,230.0,113.0,5.8,60,-25,CONVECÇÃO NATURAL,IP65,TRANSFORMERLESS,3000,3300,220.0,13.6,14.3,50,1,1,0
63,GW5000-MS,4,415.0,511.0,175.0,22.5,60,-25,CONVECÇÃO NATURAL,IP65,TRANSFORMERLESS,5000,5500,220.0,25.0,25.0,50,3,3,0
64,GW6000-MS,4,415.0,511.0,175.0,22.5,60,-25,CONVECÇÃO NATURAL,IP65,TRANSFORMERLESS,6000,6600,220.0,30.0,30.0,50,3,3,0
65,GW7000-MS,4,415.0,511.0,175.0,22.5,60,-25,CONVECÇÃO NATURAL,IP65,TRANSFORMERLESS,7000,7700,220.0,35.0,35.0,50,3,3,0
66,GW8500-MS,4,415.0,511.0,175.0,22.5,60,-25,CONVECÇÃO NATURAL,IP65,TRANSFORMERLESS,8500,9350,220.0,42.5,42.5,50,3,3,0
67,GW10K-MS,4,415.0,511.0,175.0,22.5,60,-25,CONVECÇÃO NATURAL,IP65,TRANSFORMERLESS,10000,10000,220.0,45.5,45.5,50,3,3,0
68,GW2900D-NS,4,354.0,433.0,147.0,13.0,60,-25,CONVECÇÃO NATURAL,IP65,TRANSFORMERLESS,2900,2900,127.0,22.9,22.9,50,2,2,0
69,GW3000D-NS,4,354.0,433.0,147.0,13.0,60,-25,CONVECÇÃO NATURAL,IP65,TRANSFORMERLESS,3000,3000,220.0,13.6,13.6,50,2,2,0
70,GW3600D-NS,4,354.0,433.0,147.0,13.0,60,-25,CONVECÇÃO NATURAL,IP65,TRANSFORMERLESS,3680,3600,220.0,16.0,16.0,50,2,2,0
71,GW4200D-NS,4,354.0,433.0,147.0,13.0,60,-25,CONVECÇÃO NATURAL,IP65,TRANSFORMERLESS,4200,4200,230.0,19.0,19.0,50,2,2,0
72,GW5000D-NS,4,354.0,433.0,147.0,13.0,60,-25,CONVECÇÃO NATURAL,IP65,TRANSFORMERLESS,5000,5000,220.0,22.8,22.8,50,2,2,0
73,GW6000D-NS,4,354.0,433.0,147.0,13.5,60,-25,CONVECÇÃO NATURAL,IP65,TRANSFORMERLESS,6000,6000,220.0,27.3,27.3,50,2,2,0
74,GW3000T-DS,4,354.0,433.0,147.0,13.0,60,-25,CONVECÇÃO NATURAL,IP65,TRANSFORMERLESS,3000,3000,220.0,13.6,13.6,50,2,2,0
75,GW3600T-DS,4,354.0,433.0,147.0,13.0,60,-25,CONVECÇÃO NATURAL,IP65,TRANSFORMERLESS,3680,3600,220.0,16.0,16.0,50,2,2,0
76,GW4200T-DS,4,354.0,433.0,147.0,13.0,60,-25,CONVECÇÃO NATURAL,IP65,TRANSFORMERLESS,4200,4200,220.0,19.0,19.0,50,2,2,0
77,GW5000T-DS,4,354.0,433.0,147.0,13.0,60,-25,CONVECÇÃO NATURAL,IP65,TRANSFORMERLESS,5000,5000,220.0,22.8,22.8,50,2,2,0
78,GW6000T-DS,4,354.0,433.0,147.0,13.5,60,-25,CONVECÇÃO NATURAL,IP65,TRANSFORMERLESS,6000,6000,220.0,27.3,27.3,50,2,2,0
79,GW75K-MT,4,586.0,788.0,267.0,70.0,60,-30,COOLER,IP65,TRANSFORMERLESS,75000,75000,380.0,133.0,133.0,50,4,16,0
80,G7,3,380.0,440.0,167.0,19.3,60,-25,CONVECÇÃO NATURAL,IP65,TRANSFORMERLESS,7000,7700,220.0,31.8,35.0,50,3,3,0
81,G8,3,380.0,440.0,167.0,19.3,60,-25,CONVECÇÃO NATURAL,IP65,TRANSFORMERLESS,8000,8800,220.0,36.4,40.0,50,3,3,0
82,G9,3,380.0,440.0,167.0,19.3,60,-25,CONVECÇÃO NATURAL,IP65,TRANSFORMERLESS,9000,9900,220.0,40.9,45.0,50,3,3,0
83,G10,3,380.0,440.0,167.0,19.3,60,-25,CONVECÇÃO NATURAL,IP65,TRANSFORMERLESS,10000,10500,220.0,45.5,47.7,50,3,3,0
84,G10.5,3,380.0,440.0,167.0,19.3,60,-25,CONVECÇÃO NATURAL,IP65,TRANSFORMERLESS,10500,10500,220.0,47.7,47.7,50,3,3,0
85,T3,3,384.0,475.0,186.0,20.0,60,-20,CONVECÇÃO NATURAL,IP65,TRANSFORMERLESS,3000,3300,380.0,4.3,4.8,50,1,2,0
86,T4,3,384.0,475.0,186.0,20.0,60,-20,CONVECÇÃO NATURAL,IP65,TRANSFORMERLESS,4000,4400,380.0,5.8,6.4,50,1,2,0
87,T5,3,384.0,475.0,186.0,20.0,60,-20,CONVECÇÃO NATURAL,IP65,TRANSFORMERLESS,5000,5500,380.0,7.2,8.0,50,1,2,0
88,T6,3,384.0,475.0,186.0,20.0,60,-20,CONVECÇÃO NATURAL,IP65,TRANSFORMERLESS,6000,6600,380.0,8.7,9.6,50,1,2,0
89,T8,3,384.0,475.0,186.0,20.0,60,-20,CONVECÇÃO NATURAL,IP65,TRANSFORMERLESS,8000,8800,380.0,11.6,12.8,50,2,2,0
90,T10,3,384.0,475.0,186.0,20.0,60,-20,CONVECÇÃO NATURAL,IP65,TRANSFORMERLESS,10000,11000,380.0,14.5,15.9,50,2,2,0
91,T12,3,384.0,475.0,186.0,20.0,60,-20,CONVECÇÃO NATURAL,IP65,TRANSFORMERLESS,12000,13200,380.0,17.4,19.1,50,2,2,0
92,T15,3,384.0,475.0,186.0,24.0,60,-20,COOLER,IP65,TRANSFORMERLESS,15000,16500,380.0,21.7,23.9,50,2,2,0
93,T17,3,384.0,475.0,186.0,24.0,60,-20,COOLER,IP65,TRANSFORMERLESS,17000,18700,380.0,24.6,27.1,50,2,4,0
94,T20,3,384.0,475.0,186.0,24.0,60,-20,COOLER,IP65,TRANSFORMERLESS,20000,22000,380.0,29.0,31.9,50,2,4,0
95,T25,3,384.0,475.0,186.0,24.0,60,-20,COOLER,IP65,TRANSFORMERLESS,25000,27500,380.0,36.2,39.9,50,2,4,0
96,T8 (Dual),3,384.0,475.0,186.0,24.0,60,-20,CONVECÇÃO NATURAL,IP65,TRANSFORMERLESS,8000,8800,380.0,11.6,12.8,50,2,4,0
97,T10 (Dual),3,384.0,475.0,186.0,24.0,60,-20,CONVECÇÃO NATURAL,IP65,TRANSFORMERLESS,10000,11000,380.0,14.5,15.9,50,2,4,0
98,T12 (Dual),3,384.0,475.0,186.0,24.0,60,-20,CONVECÇÃO NATURAL,IP65,TRANSFORMERLESS,12000,13200,380.0,17.4,19.1,50,2,4,0
99,T15 (Dual),3,384.0,475.0,186.0,24.0,60,-20,COOLER,IP65,TRANSFORMERLESS,15000,16500,380.0,21.7,23.9,50,2,4,0
100,R75,3,975.0,630.0,360.0,90.0,60,-30,COOLER,IP66,TRANSFORMERLESS,75000,82500,380.0,113.7,113.7,50,9,18,0
101,R100,3,975.0,630.0,360.0,90.0,60,-30,COOLER,IP66,TRANSFORMERLESS,100000,110000,380.0,166.7,166.7,50,9,18,0
102,R110,3,975.0,630.0,360.0,90.0,60,-30,COOLER,IP66,TRANSFORMERLESS,110000,121000,380.0,175.3,175.3,50,10,20,0
103,F3000,3,402.0,476.5,148.0,15.5,60,-20,CONVECÇÃO NATURAL,IP65,TRANSFORMERLESS,3000,3300,220.0,13.0,14.3,50,2,2,0
104,F3600,3,402.0,476.5,148.0,15.5,60,-20,CONVECÇÃO NATURAL,IP65,TRANSFORMERLESS,3600,3960,220.0,15.7,17.2,50,2,2,0
105,F4600,3,402.0,476.5,148.0,15.5,60,-20,CONVECÇÃO NATURAL,IP65,TRANSFORMERLESS,4600,5060,220.0,20.0,22.0,50,2,2,0
106,F5000,3,402.0,476.5,148.0,15.5,60,-20,CONVECÇÃO NATURAL,IP65,TRANSFORMERLESS,5000,5500,220.0,21.7,23.9,50,2,2,0
107,F5300,3,402.0,476.5,148.0,15.5,60,-20,CONVECÇÃO NATURAL,IP65,TRANSFORMERLESS,5300,5830,220.0,23.0,25.3,50,2,2,0
108,F6000,3,402.0,476.5,148.0,15.5,60,-20,CONVECÇÃO NATURAL,IP65,TRANSFORMERLESS,6000,6000,220.0,26.1,26.1,50,2,2,0
109,PHB1500-NS,5,344.0,312.5,135.0,7.5,60,-25,CONVECÇÃO NATURAL,IP65,TRANSFORMERLESS,1500,1500,220.0,7.5,7.5,50,1,1,0
110,PHB3000-NS,5,344.0,312.5,135.0,8.5,60,-25,CONVECÇÃO NATURAL,IP65,TRANSFORMERLESS,3000,3000,220.0,13.5,13.5,50,1,1,0
111,PHB5000D-NS,5,347.0,431.0,150.0,14.0,60,-25,CONVECÇÃO NATURAL,IP65,TRANSFORMERLESS,5000,5000,220.0,22.8,22.8,50,2,2,0
112,PHB14K-DT,5,516.0,650.0,203.0,39.0,60,-25,COOLER,IP65,TRANSFORMERLESS,14000,14000,220.0,37.0,37.0,50,2,6,0
113,PHB20K-DT,5,516.0,650.0,203.0,39.0,60,-25,COOLER,IP65,TRANSFORMERLESS,20000,20000,380.0,30.0,30.0,50,2,4,0
114,PHB25K-DT,5,516.0,650.0,203.0,39.0,60,-25,COOLER,IP65,TRANSFORMERLESS,25000,25000,380.0,37.0,37.0,50,2,6,0
115,PHB35K-MT,5,586.0,788.0,264.0,64.0,60,-25,COOLER,IP65,TRANSFORMERLESS,35000,35000,220.0,96.0,96.0,50,4,12,0
116,PHB50K-MT,5,586.0,788.0,267.0,70.0,60,-25,COOLER,IP65,TRANSFORMERLESS,50000,50000,220.0,133.0,133.0,50,4,16,0
117,PHB60K-MT,5,586.0,788.0,264.0,64.0,60,-25,COOLER,IP65,TRANSFORMERLESS,60000,60000,380.0,96.0,96.0,50,4,12,0
118,SIW100G M006 W00,1,182.0,34.5,270.0,4.0,65,-25,CONVECÇÃO NATURAL,IP67,REINFORCE ISOLATION,600,600,230.0,2.72,2.72,50,2,2,0
119,SIW100G M008 W00,1,182.0,34.5,270.0,4.0,65,-25,CONVECÇÃO NATURAL,IP67,REINFORCE ISOLATION,800,800,230.0,3.64,3.64,50,2,2,0
120,SIW100G M010 W00,1,182.0,34.5,270.0,4.0,65,-25,CONVECÇÃO NATURAL,IP67,REINFORCE ISOLATION,1000,1000,230.0,4.54,4.54,50,2,2,1
121,SIW100G M012 W00,1,182.0,34.5,270.0,4.0,65,-25,CONVECÇÃO NATURAL,IP67,REINFORCE ISOLATION,1200,1200,230.0,5.56,5.56,50,2,2,0
122,SIW200 M030,1,295.0,230.0,113.0,5.8,60,-25,CONVECÇÃO NATURAL,IP65,TRANSFORMERLESS,3000,3300,220.0,13.6,14.3,50,1,1,0
123,SIW200 M050,1,354.0,433.0,147.0,13.0,60,-25,CONVECÇÃO NATURAL,IP65,TRANSFORMERLESS,5000,5000,220.0,22.8,22.8,50,2,2,0
124,SIW200 M085,1,415.0,511.0,175.0,22.5,60,-25,CONVECÇÃO NATURAL,IP65,TRANSFORMERLESS,8500,9350,220.0,42.5,42.5,50,3,3,0
125,SIW200 M100,1,415.0,511.0,175.0,22.5,60,-25,CONVECÇÃO NATURAL,IP65,TRANSFORMERLESS,10000,10000,220.0,45.5,45.5,50,3,3,0
126,SIW200F M030,1,476.5,402.0,148.0,15.5,60,-25,CONVECÇÃO NATURAL,IP65,TRANSFORMERLESS,3000,3300,220.0,13.0,14.3,50,2,2,0
127,SIW200F M036,1,476.5,402.0,148.0,15.5,60,-25,CONVECÇÃO NATURAL,IP65,TRANSFORMERLESS,3600,3960,220.0,15.7,17.2,50,2,2,0
128,SIW200F M046,1,476.5,402.0,148.0,15.5,60,-25,CONVECÇÃO NATURAL,IP65,TRANSFORMERLESS,4600,5060,220.0,20.0,22.0,50,2,2,0
129,SIW200F M050,1,476.5,402.0,148.0,15.5,60,-25,CONVECÇÃO NATURAL,IP65,TRANSFORMERLESS,5000,5500,220.0,21.7,23.9,50,2,2,0
130,SIW200F M060,1,476.5,402.0,148.0,15.5,60,-25,CONVECÇÃO NATURAL,IP65,TRANSFORMERLESS,6000,6000,220.0,26.1,26.1,50,2,2,0
131,SIW200G M030 W0,1,400.0,419.0,145.0,15.5,60,-25,CONVECÇÃO NATURAL,IP65,TRANSFORMERLESS,3000,3300,220.0,13.0,14.3,50,2,2,0
132,SIW200G M050 W0,1,400.0,419.0,145.0,15.5,60,-25,CONVECÇÃO NATURAL,IP65,TRANSFORMERLESS,5000,5500,220.0,21.7,23.9,50,2,2,0
133,SIW200G M060 W0,1,400.0,419.0,145.0,15.5,60,-25,CONVECÇÃO NATURAL,IP65,TRANSFORMERLESS,6000,6000,220.0,26.1,26.1,50,2,2,0
134,SIW200G M070 W0,1,380.0,440.0,175.0,19.0,60,-25,CONVECÇÃO NATURAL,IP65,TRANSFORMERLESS,7000,7700,220.0,31.8,35.0,50,3,3,0
135,SIW200G M080 W0,1,380.0,440.0,175.0,19.0,60,-25,CONVECÇÃO NATURAL,IP65,TRANSFORMERLESS,8000,8800,220.0,36.4,40.0,50,3,3,0
136,SIW200G M090 W0,1,380.0,440.0,175.0,19.0,60,-25,CONVECÇÃO NATURAL,IP65,TRANSFORMERLESS,9000,9900,220.0,40.9,45.0,50,3,3,0
137,SIW200G M105 W0,1,380.0,440.0,175.0,19.0,60,-25,CONVECÇÃO NATURAL,IP65,TRANSFORMERLESS,10500,10500,220.0,47.7,47.7,50,3,3,0
138,SIW200G M030 W1,1,400.0,419.0,145.0,15.5,60,-25,CONVECÇÃO NATURAL,IP65,TRANSFORMERLESS,3000,3300,220.0,13.0,14.3,50,2,2,1
139,SIW200G M050 W1,1,400.0,419.0,145.0,15.5,60,-25,CONVECÇÃO NATURAL,IP65,TRANSFORMERLESS,5000,5500,220.0,21.7,23.9,50,2,2,1
140,SIW200G M060 W1,1,400.0,419.0,145.0,15.5,60,-25,CONVECÇÃO NATURAL,IP65,TRANSFORMERLESS,6000,6000,220.0,26.1,26.1,50,2,2,1
141,SIW200G M070 W1,1,380.0,440.0,175.0,19.0,60,-25,CONVECÇÃO NATURAL,IP65,TRANSFORMERLESS,7000,7700,220.0,31.8,35.0,50,3,3,1
142,SIW200G M075 W1,1,380.0,440.0,175.0,19.0,60,-25,CONVECÇÃO NATURAL,IP65,TRANSFORMERLESS,7500,7500,220.0,34.1,34.1,50,3,3,1
143,SIW200G M080 W1,1,380.0,440.0,175.0,19.0,60,-25,CONVECÇÃO NATURAL,IP65,TRANSFORMERLESS,8000,8800,220.0,36.4,40.0,50,3,3,1
144,SIW200G M090 W1,1,380.0,440.0,175.0,19.0,60,-25,CONVECÇÃO NATURAL,IP65,TRANSFORMERLESS,9000,9900,220.0,40.9,45.0,50,3,3,1
145,SIW200G M105 W1,1,380.0,440.0,175.0,19.0,60,-25,CONVECÇÃO NATURAL,IP65,TRANSFORMERLESS,10500,10500,220.0,47.7,47.7,50,3,3,1
146,SIW200H M030 W00,1,434.0,418.0,185.0,22.0,60,-25,CONVECÇÃO NATURAL,IP65,TRANSFORMERLESS,3000,3300,220.0,13.6,15.0,100,2,2,1
147,SIW200H M037 W00,1,434.0,418.0,185.0,22.0,60,-25,CONVECÇÃO NATURAL,IP65,TRANSFORMERLESS,3680,4048,220.0,16.7,18.4,100,2,2,1
148,SIW200H M046 W00,1,434.0,418.0,185.0,22.0,60,-25,CONVECÇÃO NATURAL,IP65,TRANSFORMERLESS,4600,5060,220.0,20.9,23.0,100,2,2,1
149,SIW200H M050 W00,1,434.0,418.0,185.0,22.0,60,-25,CONVECÇÃO NATURAL,IP65,TRANSFORMERLESS,5000,5500,220.0,22.7,25.0,100,2,2,1
150,SIW200H M060 W00,1,434.0,418.0,185.0,22.0,60,-25,CONVECÇÃO NATURAL,IP65,TRANSFORMERLESS,6000,6600,220.0,27.3,30.0,100,2,2,1
151,SIW200H M070 W10,1,450.0,527.0,208.0,29.0,60,-25,CONVECÇÃO NATURAL,IP65,TRANSFORMERLESS,7000,7700,220.0,30.4,33.5,100,3,3,1
152,SIW200H M075 W10,1,450.0,527.0,208.0,29.0,60,-25,CONVECÇÃO NATURAL,IP65,TRANSFORMERLESS,7500,7500,220.0,34.1,34.1,100,3,3,1
153,SIW200H M080 W10,1,450.0,527.0,208.0,29.0,60,-25,CONVECÇÃO NATURAL,IP65,TRANSFORMERLESS,8000,8800,220.0,34.8,38.3,100,3,3,1
154,SIW200H M090 W10,1,450.0,527.0,208.0,29.0,60,-25,CONVECÇÃO NATURAL,IP65,TRANSFORMERLESS,9000,9900,220.0,39.1,43.0,100,4,4,1
155,SIW200H M100 W10,1,450.0,527.0,208.0,29.0,60,-25,CONVECÇÃO NATURAL,IP65,TRANSFORMERLESS,10000,10500,220.0,43.5,45.7,100,4,4,1
156,SIW200H M105 W10,1,450.0,527.0,208.0,29.0,60,-25,CONVECÇÃO NATURAL,IP65,TRANSFORMERLESS,10500,10500,220.0,45.7,47.7,100,4,4,1
157,SIW300 M030 W00,1,365.0,365.0,140.0,12.3,60,-25,CONVECÇÃO NATURAL,IP65,TRANSFORMERLESS,3000,3300,220.0,15.0,15.0,50,2,2,1
158,SIW300 M050 W00,1,365.0,365.0,140.0,12.3,60,-25,CONVECÇÃO NATURAL,IP65,TRANSFORMERLESS,5000,5500,220.0,25.0,25.0,50,2,2,1
159,SIW300 M060 W00,1,365.0,365.0,140.0,12.3,60,-25,CONVECÇÃO NATURAL,IP65,TRANSFORMERLESS,6000,6000,220.0,27.0,27.0,50,2,2,1
160,SIW300 M080 W00,1,425.0,376.5,150.0,15.0,60,-25,CONVECÇÃO NATURAL,IP66,TRANSFORMERLESS,8000,8800,220.0,36.4,40.0,50,3,3,0
161,SIW300 M100 W00,1,425.0,376.5,150.0,15.0,60,-25,COOLER,IP66,TRANSFORMERLESS,10000,10000,220.0,45.5,40.0,50,3,3,0
162,SIW300H M020,1,375.0,375.0,149.5,11.6,60,-30,CONVECÇÃO NATURAL,IP65,TRANSFORMERLESS,2000,2200,220.0,10.0,10.0,50,2,2,0
163,SIW300H M030,1,375.0,375.0,149.5,11.6,60,-30,CONVECÇÃO NATURAL,IP65,TRANSFORMERLESS,3000,3300,220.0,15.0,15.0,50,2,2,0
164,SIW300H M040,1,375.0,375.0,149.5,11.6,60,-30,CONVECÇÃO NATURAL,IP65,TRANSFORMERLESS,4000,4400,220.0,20.0,20.0,50,2,2,0
165,SIW300H M050,1,375.0,375.0,149.5,11.6,60,-30,CONVECÇÃO NATURAL,IP65,TRANSFORMERLESS,5000,5500,220.0,25.0,25.0,50,2,2,0
166,SIW300H M020 L1,1,365.0,365.0,140.0,12.3,60,-25,CONVECÇÃO NATURAL,IP65,TRANSFORMERLESS,2000,2200,220.0,10.0,10.0,50,2,2,0
167,SIW300H M030 L1,1,365.0,365.0,140.0,12.3,60,-25,CONVECÇÃO NATURAL,IP65,TRANSFORMERLESS,3000,3300,220.0,15.0,15.0,50,2,2,0
168,SIW300H M040 L1,1,365.0,365.0,140.0,12.3,60,-25,CONVECÇÃO NATURAL,IP65,TRANSFORMERLESS,4000,4400,220.0,20.0,20.0,50,2,2,0
169,SIW300H M050 L1,1,365.0,365.0,140.0,12.3,60,-25,CONVECÇÃO NATURAL,IP65,TRANSFORMERLESS,5000,5500,220.0,25.0,25.0,50,2,2,0
170,SIW300H M060 L1,1,365.0,365.0,140.0,12.3,60,-25,CONVECÇÃO NATURAL,IP65,TRANSFORMERLESS,6000,6000,220.0,27.0,27.0,50,2,2,0
171,SIW300H M075 W00,1,425.0,376.5,150.0,15.0,60,-25,CONVECÇÃO NATURAL,IP66,TRANSFORMERLESS,7500,7500,220.0,34.09,34.09,50,3,3,0
172,SIW300H M080 W00,1,425.0,376.5,150.0,15.0,60,-25,CONVECÇÃO NATURAL,IP66,TRANSFORMERLESS,8000,8800,220.0,34.09,40.0,50,3,3,0
173,SIW300H M100 W00,1,425.0,376.5,150.0,15.0,60,-25,COOLER,IP66,TRANSFORMERLESS,10000,10000,220.0,45.5,45.5,50,3,3,0
174,SIW400 T075,1,586.0,788.0,267.0,70.0,60,-30,COOLER,IP65,TRANSFORMERLESS,75000,75000,380.0,133.0,133.0,50,4,16,0
175,SIW400G T012 W0,1,370.0,480.0,183.5,17.0,60,-25,CONVECÇÃO NATURAL,IP65,TRANSFORMERLESS,12000,13200,380.0,17.4,19.1,50,2,2,0
176,SIW400G T015 W0,1,370.0,480.0,183.5,21.0,60,-25,COOLER,IP65,TRANSFORMERLESS,15000,16500,380.0,21.7,23.9,50,2,4,0
177,SIW400G T020 W0,1,370.0,480.0,183.5,21.0,60,-25,COOLER,IP65,TRANSFORMERLESS,20000,22000,380.0,29.0,31.9,50,2,4,0
178,SIW400G T025 W0,1,370.0,480.0,183.5,21.0,60,-25,COOLER,IP65,TRANSFORMERLESS,25000,25000,380.0,36.2,36.2,50,2,4,0
179,SIW400G T075 W0,1,975.0,630.0,360.0,90.0,60,-30,COOLER,IP66,TRANSFORMERLESS,75000,75000,380.0,113.7,113.7,50,9,18,0
180,SIW400G T100 W0,1,975.0,630.0,360.0,90.0,60,-30,COOLER,IP66,TRANSFORMERLESS,100000,110000,380.0,166.6,166.6,50,9,18,0
181,SIW400G T012 W1,1,370.0,480.0,183.5,17.0,60,-25,CONVECÇÃO NATURAL,IP65,TRANSFORMERLESS,12000,13200,380.0,17.4,19.1,50,2,2,1
182,SIW400G T015 W1,1,370.0,480.0,183.5,21.0,60,-25,COOLER,IP65,TRANSFORMERLESS,15000,16500,380.0,21.7,23.9,50,2,4,1
183,SIW400G T020 W1,1,370.0,480.0,183.5,21.0,60,-25,COOLER,IP65,TRANSFORMERLESS,20000,22000,380.0,29.0,31.9,50,2,4,1
184,SIW400G T025 W1,1,370.0,480.0,183.5,21.0,60,-25,COOLER,IP65,TRANSFORMERLESS,25000,25000,380.0,36.2,36.2,50,2,4,1
185,SIW400G T050 W00,1,640.0,430.0,243.0,50.0,60,-25,COOLER,IP66,TRANSFORMERLESS,50000,55000,380.0,83.6,83.6,50,4,8,1
186,SIW400G T060 W00,1,640.0,430.0,243.0,50.0,60,-25,COOLER,IP66,TRANSFORMERLESS,60000,66000,380.0,100.3,100.3,50,6,12,1
187,SIW400G T075 W01,1,640.0,430.0,243.0,50.0,60,-25,COOLER,IP66,TRANSFORMERLESS,75000,75000,380.0,114.0,114.0,50,6,12,1
188,SIW400G K015 W00,1,640.0,430.0,243.0,50.0,60,-30,COOLER,IP66,TRANSFORMERLESS,15000,16500,220.0,43.4,43.4,50,4,8,1
189,SIW400G K020 W00,1,640.0,430.0,243.0,50.0,60,-30,COOLER,IP66,TRANSFORMERLESS,20000,22000,220.0,57.8,57.8,50,4,8,1
190,SIW400G K025 W00,1,640.0,430.0,243.0,50.0,60,-30,COOLER,IP66,TRANSFORMERLESS,25000,27500,220.0,72.2,72.2,50,4,8,1
191,SIW400G K030 W00,1,640.0,430.0,243.0,50.0,60,-30,COOLER,IP66,TRANSFORMERLESS,30000,33000,220.0,86.7,86.7,50,4,8,1
192,SIW400G K037 W00,1,640.0,430.0,243.0,50.0,60,-30,COOLER,IP66,TRANSFORMERLESS,37000,37500,220.0,98.5,98.5,50,4,8,1
193,SIW400H T010 W10,1,600.0,560.0,225.0,52.5,60,-25,COOLER,IP65,TRANSFORMERLESS,10000,11000,380.0,16.7,16.7,100,3,6,1
194,SIW400H T012 W10,1,600.0,560.0,225.0,52.5,60,-25,COOLER,IP65,TRANSFORMERLESS,12000,13200,380.0,20.0,20.0,100,3,6,1
195,SIW400H T015 W10,1,600.0,560.0,225.0,52.5,60,-25,COOLER,IP65,TRANSFORMERLESS,15000,16500,380.0,25.0,25.0,100,3,6,1
196,SIW400H T020 W10,1,600.0,560.0,225.0,52.5,60,-25,COOLER,IP65,TRANSFORMERLESS,20000,22000,380.0,33.3,33.3,50,3,6,1
197,SIW400H T025 W10,1,600.0,560.0,225.0,52.5,60,-25,COOLER,IP65,TRANSFORMERLESS,25000,27500,380.0,41.7,41.7,100,3,6,1
198,SIW400H T030 W10,1,600.0,560.0,225.0,52.5,60,-25,COOLER,IP65,TRANSFORMERLESS,30000,33000,380.0,50.0,50.0,100,3,6,1
199,SIW420G K025 W00,1,684.0,488.0,270.0,37.0,60,-25,CONVECÇÃO NATURAL,IP66,TRANSFORMERLESS,25000,25000,220.0,65.6,65.6,50,4,8,1
200,SIW420G K075 W00,1,1050.0,660.0,340.0,86.0,60,-30,COOLER,IP66,TRANSFORMERLESS,75000,75000,220.0,197.0,197.0,50,9,18,1
201,SIW500G T075 W0,1,1035.0,700.0,365.0,90.0,60,-30,COOLER,IP66,TRANSFORMERLESS,75000,75000,380.0,113.6,113.6,50,10,20,1
202,SIW500G T100 W0,1,1035.0,700.0,365.0,93.0,60,-30,COOLER,IP66,TRANSFORMERLESS,100000,110000,380.0,152.0,168.8,50,10,20,1
203,SIW500G H250 W0,1,1048.0,732.0,395.0,112.0,60,-30,COOLER,IP66,TRANSFORMERLESS,250000,275000,800.0,180.5,198.5,50,2,28,1
204,SIW500H ST012,1,525.0,470.0,262.0,25.0,60,-25,CONVECÇÃO NATURAL,IP65,TRANSFORMERLESS,12000,13200,380.0,18.2,20.0,50,2,4,0
205,SIW500H ST015 ,1,525.0,470.0,262.0,25.0,60,-25,CONVECÇÃO NATURAL,IP65,TRANSFORMERLESS,15000,16500,380.0,22.8,25.2,50,2,4,0
206,SIW500H ST020,1,525.0,470.0,262.0,25.0,60,-25,CONVECÇÃO NATURAL,IP65,TRANSFORMERLESS,20000,22000,380.0,30.4,33.5,50,2,4,0
207,SIW500H ST030,1,930.0,550.0,283.0,62.0,60,-25,CONVECÇÃO NATURAL,IP65,TRANSFORMERLESS,30000,30000,380.0,48.0,48.0,50,4,8,0
208,SIW500H ST036,1,930.0,550.0,283.0,62.0,60,-25,CONVECÇÃO NATURAL,IP65,TRANSFORMERLESS,36000,40000,380.0,60.8,60.8,50,4,8,0
209,SIW500H ST040,1,930.0,550.0,283.0,62.0,60,-25,CONVECÇÃO NATURAL,IP65,TRANSFORMERLESS,42000,47000,480.0,56.6,56.6,50,4,8,0
210,SIW500H ST050,1,1075.0,555.0,300.0,74.0,60,-25,CONVECÇÃO NATURAL,IP65,TRANSFORMERLESS,50000,55000,380.0,76.0,83.6,50,6,12,0
211,SIW500H ST060,1,1075.0,555.0,300.0,74.0,60,-25,CONVECÇÃO NATURAL,IP65,TRANSFORMERLESS,60000,66000,380.0,91.2,100.0,50,6,12,0
212,SIW500H ST100,1,1035.0,700.0,365.0,90.0,60,-25,CONVECÇÃO NATURAL,IP66,TRANSFORMERLESS,100000,110000,380.0,152.0,168.8,50,10,20,0
213,SIW500H ST012 M2,1,525.0,470.0,262.0,25.0,60,-25,CONVECÇÃO NATURAL,IP65,TRANSFORMERLESS,12000,13200,380.0,18.2,20.0,50,2,4,1
214,SIW500H ST015 M2,1,525.0,470.0,262.0,25.0,60,-25,CONVECÇÃO NATURAL,IP65,TRANSFORMERLESS,15000,16500,380.0,22.8,25.5,50,2,4,1
215,SIW500H ST020 M2,1,525.0,470.0,262.0,25.0,60,-25,CONVECÇÃO NATURAL,IP65,TRANSFORMERLESS,20000,22000,380.0,30.4,33.5,50,2,4,1
216,SIW500H ST030 M3,1,640.0,530.0,270.0,43.0,60,-25,CONVECÇÃO NATURAL,IP66,TRANSFORMERLESS,30000,33000,380.0,45.6,50.4,50,4,8,1
217,SIW500H ST036 M3,1,640.0,530.0,270.0,43.0,60,-25,CONVECÇÃO NATURAL,IP66,TRANSFORMERLESS,36000,40000,380.0,54.7,61.1,50,4,8,1
218,SIW500H ST040 M3,1,640.0,530.0,270.0,43.0,60,-25,CONVECÇÃO NATURAL,IP66,TRANSFORMERLESS,40000,44000,380.0,60.8,67.2,50,4,8,1
219,SIW500H SK020,1,640.0,530.0,270.0,43.0,60,-25,CONVECÇÃO NATURAL,IP66,TRANSFORMERLESS,20000,22000,220.0,52.5,58.0,50,4,8,1
220,SIW500H T012 W00,1,460.0,546.0,228.0,21.0,60,-25,COOLER,IP66,TRANSFORMERLESS,12000,13200,380.0,18.2,20.2,50,4,8,1
221,SIW500H T015 W00,1,460.0,546.0,228.0,21.0,60,-25,COOLER,IP66,TRANSFORMERLESS,15000,16500,380.0,22.8,25.2,50,4,8,1
222,SIW500H T020 W00,1,460.0,546.0,228.0,21.0,60,-25,COOLER,IP66,TRANSFORMERLESS,20000,22000,380.0,30.4,33.6,50,4,8,1
223,SIW500H T025 W00,1,460.0,546.0,228.0,21.0,60,-25,COOLER,IP66,TRANSFORMERLESS,25000,27500,380.0,38.0,42.0,50,4,8,1
224,SIW500H ST060 HV,1,930.0,600.0,270.0,62.0,60,-25,CONVECÇÃO NATURAL,IP65,TRANSFORMERLESS,60000,66000,800.0,43.3,48.0,50,4,8,0
225,SIW500H ST100 HV,1,1075.0,605.0,310.0,76.0,60,-25,CONVECÇÃO NATURAL,IP66,TRANSFORMERLESS,100000,105000,800.0,72.2,80.2,50,6,12,1
226,SIW500H ST200 H0,1,1035.0,700.0,365.0,86.0,60,-25,COOLER,IP66,TRANSFORMERLESS,200000,215000,800.0,144.4,155.2,50,9,18,1
227,SIW500H ST200 H3,1,1035.0,700.0,365.0,86.0,60,-25,COOLER,IP66,TRANSFORMERLESS,250000,215000,800.0,133.5,155.2,50,1,14,1
228,SIW600 T020-44,1,583.0,620.0,318.0,50.0,60,-10,CONVECÇÃO NATURAL,IP66,TRANSFORMERLESS,20000,20000,380.0,30.4,33.4,0,2,4,1
229,SIW610 T018 W0,1,485.0,490.0,315.5,30.0,50,-10,COOLER,IP66,TRANSFORMERLESS,18000,18000,380.0,28.0,28.0,0,2,4,1
230,SIW610 T075 W0,1,840.0,680.0,360.0,90.0,60,-10,COOLER,IP66,TRANSFORMERLESS,75000,75000,380.0,114.0,114.0,0,6,12,1
231,SIW300H M030 W00,1,365.0,375.0,156.0,12.0,60,-25,CONVECÇÃO NATURAL,IP65,TRANSFORMERLESS,3000,3300,220.0,15.0,15.0,100,2,2,1
232,SIW300H M050 W00,1,365.0,375.0,156.0,12.0,60,-25,CONVECÇÃO NATURAL,IP65,TRANSFORMERLESS,5000,5500,220.0,25.0,25.0,100,2,2,1
233,SIW300H M060 W00,1,365.0,375.0,156.0,12.0,60,-25,CONVECÇÃO NATURAL,IP65,TRANSFORMERLESS,6000,6000,220.0,27.3,27.3,100,2,2,0
234,SUN2000-2KTL-L1,2,365.0,365.0,140.0,12.3,60,-25,CONVECÇÃO NATURAL,IP65,TRANSFORMERLESS,2000,2200,220.0,10.0,10.0,50,2,2,1
235,SUN2000-3KTL-L1,2,365.0,365.0,140.0,12.3,60,-25,CONVECÇÃO NATURAL,IP65,TRANSFORMERLESS,3000,3300,220.0,15.0,15.0,50,2,2,0
236,SUN2000-4KTL-L1,2,365.0,365.0,140.0,12.3,60,-25,CONVECÇÃO NATURAL,IP65,TRANSFORMERLESS,4000,4400,220.0,20.0,20.0,50,2,2,0
237,SUN2000-3.68KTL-L1,2,365.0,365.0,140.0,12.3,60,-25,CONVECÇÃO NATURAL,IP65,TRANSFORMERLESS,3680,3680,220.0,16.0,16.0,50,2,2,0
238,SUN2000-4.6KTL-L1,2,365.0,365.0,140.0,12.3,60,-25,CONVECÇÃO NATURAL,IP65,TRANSFORMERLESS,4600,5000,220.0,23.0,23.0,50,2,2,0
239,SUN2000-5KTL-L1,2,365.0,365.0,140.0,12.3,60,-25,CONVECÇÃO NATURAL,IP65,TRANSFORMERLESS,5000,5500,220.0,25.0,25.0,50,2,2,0
240,SUN2000-6KTL-L1,2,365.0,365.0,140.0,12.3,60,-25,CONVECÇÃO NATURAL,IP65,TRANSFORMERLESS,6000,6000,220.0,27.0,27.0,50,2,2,0
241,S600-G2,3,290.0,220.0,116.0,5.4,60,-25,CONVECÇÃO NATURAL,IP65,TRANSFORMERLESS,600,700,220.0,2.6,3.0,50,1,1,0
242,S700-G2,3,290.0,220.0,116.0,5.4,60,-25,CONVECÇÃO NATURAL,IP65,TRANSFORMERLESS,700,800,220.0,3.0,3.5,50,1,1,0
243,S800-G2,3,290.0,220.0,116.0,5.4,60,-25,CONVECÇÃO NATURAL,IP65,TRANSFORMERLESS,800,900,220.0,3.5,3.9,50,1,1,0
244,S1000-G2,3,290.0,220.0,116.0,5.4,60,-25,CONVECÇÃO NATURAL,IP65,TRANSFORMERLESS,1000,1100,220.0,4.3,4.8,50,1,1,0
245,S1500-G2,3,290.0,220.0,116.0,5.4,60,-25,CONVECÇÃO NATURAL,IP65,TRANSFORMERLESS,1500,1650,220.0,6.5,7.2,50,1,1,0
246,S2000-G2,3,290.0,220.0,116.0,5.4,60,-25,CONVECÇÃO NATURAL,IP65,TRANSFORMERLESS,2000,2200,220.0,8.7,9.6,50,1,1,0
247,S2500-G2,3,290.0,220.0,116.0,5.4,60,-25,CONVECÇÃO NATURAL,IP65,TRANSFORMERLESS,2500,2750,220.0,10.9,12.0,50,1,1,0
248,S3000-G2,3,290.0,220.0,116.0,5.4,60,-25,CONVECÇÃO NATURAL,IP65,TRANSFORMERLESS,3000,3300,220.0,13.0,14.3,50,1,1,0
249,S3300-G2,3,290.0,220.0,116.0,5.4,60,-25,CONVECÇÃO NATURAL,IP65,TRANSFORMERLESS,3300,3300,220.0,14.3,14.3,50,1,1,0
